sku_id,category,subcategory,origin_week,target_week,h,forecast_units,forecast_lo,forecast_hi,baseline_units,avg_price,unit_cost,list_price
SKU0001,Furnishings,Cushions,2025-12-22,2025-12-22,1,36.75967528366607,21.885151390467314,48.1494888414316,45,2546.44,1142.09,2775.64
SKU0001,Furnishings,Cushions,2025-12-22,2025-12-29,2,28.99069477182825,14.877720088224464,40.29926833803467,48,2546.44,1142.09,2775.64
SKU0001,Furnishings,Cushions,2025-12-22,2026-01-05,3,22.63515693250486,8.621982494198605,34.63470793583015,25,2546.44,1142.09,2775.64
SKU0001,Furnishings,Cushions,2025-12-22,2026-01-12,4,18.216196371740157,3.972412390728902,29.5968265708092,11,2546.44,1142.09,2775.64
SKU0001,Furnishings,Cushions,2025-12-22,2026-01-19,5,18.3187756084531,3.8707796596517916,30.43210293189349,20,2546.44,1142.09,2775.64
SKU0001,Furnishings,Cushions,2025-12-22,2026-01-26,6,19.91699866301143,5.802802520502375,33.46207616534297,25,2546.44,1142.09,2775.64
SKU0001,Furnishings,Cushions,2025-12-22,2026-02-02,7,17.9617955349171,3.7478083592704614,31.798469080748887,18,2546.44,1142.09,2775.64
SKU0001,Furnishings,Cushions,2025-12-22,2026-02-09,8,17.36670812077322,3.7645169160501233,31.306658190473932,16,2546.44,1142.09,2775.64
SKU0002,Decor,Wall Art,2025-12-22,2025-12-22,1,74.03759296711736,59.16306907391861,85.42740652488288,79,715.0857142857142,307.91,791.56
SKU0002,Decor,Wall Art,2025-12-22,2025-12-29,2,55.98562340991024,41.87264872630645,67.29419697611667,104,715.0857142857142,307.91,791.56
SKU0002,Decor,Wall Art,2025-12-22,2026-01-05,3,49.09580542942814,35.08263099112189,61.095356432753434,49,715.0857142857142,307.91,791.56
SKU0002,Decor,Wall Art,2025-12-22,2026-01-12,4,41.56996204516936,27.326178064158107,52.95059224423841,31,715.0857142857142,307.91,791.56
SKU0002,Decor,Wall Art,2025-12-22,2026-01-19,5,38.751264922448854,24.303268973647544,50.86459224588924,24,715.0857142857142,307.91,791.56
SKU0002,Decor,Wall Art,2025-12-22,2026-01-26,6,38.826753133849515,24.71255699134046,52.37183063618106,40,715.0857142857142,307.91,791.56
SKU0002,Decor,Wall Art,2025-12-22,2026-02-02,7,38.91243141449679,24.698444238850147,52.74910496032857,29,715.0857142857142,307.91,791.56
SKU0002,Decor,Wall Art,2025-12-22,2026-02-09,8,37.892378143215154,24.290186938492056,51.83232821291587,31,715.0857142857142,307.91,791.56
SKU0003,Small Appliances,Lamps,2025-12-22,2025-12-22,1,54.17342126454519,39.298897371346435,65.56323482231072,61,674.4085714285715,390.03,756.84
SKU0003,Small Appliances,Lamps,2025-12-22,2025-12-29,2,39.38674476746434,25.27377008386056,50.69531833367077,82,674.4085714285715,390.03,756.84
SKU0003,Small Appliances,Lamps,2025-12-22,2026-01-05,3,33.478497010234456,19.4653225719282,45.47804801355975,44,674.4085714285715,390.03,756.84
SKU0003,Small Appliances,Lamps,2025-12-22,2026-01-12,4,24.821007091681373,10.577223110670118,36.20163729075041,16,674.4085714285715,390.03,756.84
SKU0003,Small Appliances,Lamps,2025-12-22,2026-01-19,5,23.69093871422023,9.24294276541892,35.80426603766062,29,674.4085714285715,390.03,756.84
SKU0003,Small Appliances,Lamps,2025-12-22,2026-01-26,6,23.139621435410067,9.025425292901012,36.68469893774161,18,674.4085714285715,390.03,756.84
SKU0003,Small Appliances,Lamps,2025-12-22,2026-02-02,7,23.652858969008097,9.438871793361457,37.48953251483989,29,674.4085714285715,390.03,756.84
SKU0003,Small Appliances,Lamps,2025-12-22,2026-02-09,8,22.85566547936329,9.25347427464019,36.795615549063996,20,674.4085714285715,390.03,756.84
SKU0004,Kitchen,Tableware,2025-12-22,2025-12-22,1,231.09568954981668,216.22116565661793,242.48550310758222,235,4426.834285714286,2322.77,5046.54
SKU0004,Kitchen,Tableware,2025-12-22,2025-12-29,2,235.1125854443158,220.99961076071202,246.42115901052225,331,4426.834285714286,2322.77,5046.54
SKU0004,Kitchen,Tableware,2025-12-22,2026-01-05,3,171.97464320098092,157.96146876267466,183.97419420430623,228,4426.834285714286,2322.77,5046.54
SKU0004,Kitchen,Tableware,2025-12-22,2026-01-12,4,151.1164292386205,136.87264525760924,162.49705943768953,132,4426.834285714286,2322.77,5046.54
SKU0004,Kitchen,Tableware,2025-12-22,2026-01-19,5,151.54875980547683,137.1007638566755,163.66208712891722,152,4426.834285714286,2322.77,5046.54
SKU0004,Kitchen,Tableware,2025-12-22,2026-01-26,6,152.64373798970504,138.529541847196,166.18881549203658,157,4426.834285714286,2322.77,5046.54
SKU0004,Kitchen,Tableware,2025-12-22,2026-02-02,7,168.33114772671217,154.11716055106552,182.16782127254396,191,4426.834285714286,2322.77,5046.54
SKU0004,Kitchen,Tableware,2025-12-22,2026-02-09,8,156.9592893605814,143.3570981558583,170.8992394302821,169,4426.834285714286,2322.77,5046.54
SKU0005,Furnishings,Throws,2025-12-22,2025-12-22,1,8.045733333425583,0.0,19.43554689119111,9,1140.9557142857143,629.92,1301.1
SKU0005,Furnishings,Throws,2025-12-22,2025-12-29,2,5.44207200277116,0.0,16.750645568977582,4,1140.9557142857143,629.92,1301.1
SKU0005,Furnishings,Throws,2025-12-22,2026-01-05,3,5.1193248903334165,0.0,17.11887589365871,2,1140.9557142857143,629.92,1301.1
SKU0005,Furnishings,Throws,2025-12-22,2026-01-12,4,5.448893084051137,0.0,16.829523283120178,4,1140.9557142857143,629.92,1301.1
SKU0005,Furnishings,Throws,2025-12-22,2026-01-19,5,6.60429363886693,0.0,18.71762096230732,9,1140.9557142857143,629.92,1301.1
SKU0005,Furnishings,Throws,2025-12-22,2026-01-26,6,6.956276980580606,0.0,20.50135448291215,9,1140.9557142857143,629.92,1301.1
SKU0005,Furnishings,Throws,2025-12-22,2026-02-02,7,6.377933983891832,0.0,20.21460752972362,8,1140.9557142857143,629.92,1301.1
SKU0005,Furnishings,Throws,2025-12-22,2026-02-09,8,5.523563944664466,0.0,19.463514014365177,4,1140.9557142857143,629.92,1301.1
SKU0006,Decor,Wall Art,2025-12-22,2025-12-22,1,24.39746646261683,9.522942569418076,35.787280020382354,27,3355.194285714286,1608.63,3715.46
SKU0006,Decor,Wall Art,2025-12-22,2025-12-29,2,22.285144759643764,8.17217007603998,33.59371832585019,41,3355.194285714286,1608.63,3715.46
SKU0006,Decor,Wall Art,2025-12-22,2026-01-05,3,16.405803661755673,2.3926292234494184,28.405354665080967,17,3355.194285714286,1608.63,3715.46
SKU0006,Decor,Wall Art,2025-12-22,2026-01-12,4,12.79466888075273,0.0,24.17529907982177,10,3355.194285714286,1608.63,3715.46
SKU0006,Decor,Wall Art,2025-12-22,2026-01-19,5,12.155441485866612,0.0,24.268768809307,9,3355.194285714286,1608.63,3715.46
SKU0006,Decor,Wall Art,2025-12-22,2026-01-26,6,12.19289080718808,0.0,25.737968309519623,14,3355.194285714286,1608.63,3715.46
SKU0006,Decor,Wall Art,2025-12-22,2026-02-02,7,12.407103007461982,0.0,26.24377655329377,7,3355.194285714286,1608.63,3715.46
SKU0006,Decor,Wall Art,2025-12-22,2026-02-09,8,12.279041142871092,0.0,26.2189912125718,15,3355.194285714286,1608.63,3715.46
SKU0007,Small Appliances,Lamps,2025-12-22,2025-12-22,1,88.79086799116766,73.9163440979689,100.1806815489332,99,5409.267142857143,2429.09,6004.09
SKU0007,Small Appliances,Lamps,2025-12-22,2025-12-29,2,66.22519476111117,52.11222007750739,77.53376832731759,153,5409.267142857143,2429.09,6004.09
SKU0007,Small Appliances,Lamps,2025-12-22,2026-01-05,3,57.97576992254212,43.96259548423586,69.97532092586741,54,5409.267142857143,2429.09,6004.09
SKU0007,Small Appliances,Lamps,2025-12-22,2026-01-12,4,50.65707251166937,36.413288530658114,62.037702710738415,47,5409.267142857143,2429.09,6004.09
SKU0007,Small Appliances,Lamps,2025-12-22,2026-01-19,5,47.495251491056614,33.0472555422553,59.608578814497,40,5409.267142857143,2429.09,6004.09
SKU0007,Small Appliances,Lamps,2025-12-22,2026-01-26,6,45.20172644609857,31.087530303589514,58.74680394843011,45,5409.267142857143,2429.09,6004.09
SKU0007,Small Appliances,Lamps,2025-12-22,2026-02-02,7,43.607942374778055,29.393955199131415,57.44461592060984,31,5409.267142857143,2429.09,6004.09
SKU0007,Small Appliances,Lamps,2025-12-22,2026-02-09,8,43.268561341319085,29.666370136595987,57.2085114110198,36,5409.267142857143,2429.09,6004.09
SKU0008,Kitchen,Tableware,2025-12-22,2025-12-22,1,115.61066474340257,100.73614085020381,127.0004783011681,137,1664.6642857142856,1209.46,1756.82
SKU0008,Kitchen,Tableware,2025-12-22,2025-12-29,2,69.91487893513481,55.80190425153103,81.22345250134123,199,1664.6642857142856,1209.46,1756.82
SKU0008,Kitchen,Tableware,2025-12-22,2026-01-05,3,65.83437152254736,51.821197084241106,77.83392252587265,94,1664.6642857142856,1209.46,1756.82
SKU0008,Kitchen,Tableware,2025-12-22,2026-01-12,4,55.190545913690215,40.94676193267896,66.57117611275926,72,1664.6642857142856,1209.46,1756.82
SKU0008,Kitchen,Tableware,2025-12-22,2026-01-19,5,47.59944304979135,33.15144710099004,59.712770373231734,58,1664.6642857142856,1209.46,1756.82
SKU0008,Kitchen,Tableware,2025-12-22,2026-01-26,6,44.18155887429769,30.067362731788638,57.72663637662923,44,1664.6642857142856,1209.46,1756.82
SKU0008,Kitchen,Tableware,2025-12-22,2026-02-02,7,40.74586447694094,26.531877301294298,54.582538022772724,33,1664.6642857142856,1209.46,1756.82
SKU0008,Kitchen,Tableware,2025-12-22,2026-02-09,8,40.74586447694094,27.14367327221784,54.68581454664165,33,1664.6642857142856,1209.46,1756.82
SKU0009,Furnishings,Cushions,2025-12-22,2025-12-22,1,47.43072561770339,32.55620172450463,58.820539175468916,54,3591.157142857143,1732.98,3974.96
SKU0009,Furnishings,Cushions,2025-12-22,2025-12-29,2,33.43188113394901,19.318906450345228,44.74045470015544,67,3591.157142857143,1732.98,3974.96
SKU0009,Furnishings,Cushions,2025-12-22,2026-01-05,3,33.478706039100466,19.46553160079421,45.47825704242576,38,3591.157142857143,1732.98,3974.96
SKU0009,Furnishings,Cushions,2025-12-22,2026-01-12,4,24.700084139173043,10.456300158161788,36.08071433824209,23,3591.157142857143,1732.98,3974.96
SKU0009,Furnishings,Cushions,2025-12-22,2026-01-19,5,25.221953651525816,10.773957702724505,37.3352809749662,24,3591.157142857143,1732.98,3974.96
SKU0009,Furnishings,Cushions,2025-12-22,2026-01-26,6,28.90062723150514,14.786431088996085,42.44570473383668,37,3591.157142857143,1732.98,3974.96
SKU0009,Furnishings,Cushions,2025-12-22,2026-02-02,7,32.24819588996864,18.034208714322002,46.08486943580043,31,3591.157142857143,1732.98,3974.96
SKU0009,Furnishings,Cushions,2025-12-22,2026-02-09,8,33.35475907267463,19.752567867951534,47.29470914237534,42,3591.157142857143,1732.98,3974.96
SKU0010,Decor,Vases,2025-12-22,2025-12-22,1,33.196367039072065,18.32184314587331,44.58618059683759,32,1696.4771428571428,976.51,1917.35
SKU0010,Decor,Vases,2025-12-22,2025-12-29,2,27.13380365077104,13.020828967167255,38.44237721697746,38,1696.4771428571428,976.51,1917.35
SKU0010,Decor,Vases,2025-12-22,2026-01-05,3,22.51458700385518,8.501412565548925,34.51413800718048,22,1696.4771428571428,976.51,1917.35
SKU0010,Decor,Vases,2025-12-22,2026-01-12,4,20.857970285304177,6.614186304292922,32.23860048437322,17,1696.4771428571428,976.51,1917.35
SKU0010,Decor,Vases,2025-12-22,2026-01-19,5,24.313844314425438,9.865848365624128,36.427171637865825,28,1696.4771428571428,976.51,1917.35
SKU0010,Decor,Vases,2025-12-22,2026-01-26,6,28.014290870612644,13.90009472810359,41.559368372944185,37,1696.4771428571428,976.51,1917.35
SKU0010,Decor,Vases,2025-12-22,2026-02-02,7,24.848966164624215,10.634978988977576,38.685639710456,23,1696.4771428571428,976.51,1917.35
SKU0010,Decor,Vases,2025-12-22,2026-02-09,8,25.2292911453688,11.627099940645703,39.16924121506951,25,1696.4771428571428,976.51,1917.35
SKU0011,Small Appliances,Kettles,2025-12-22,2025-12-22,1,97.02937862596264,82.15485473276388,108.41919218372817,118,695.7157142857143,394.41,777.32
SKU0011,Small Appliances,Kettles,2025-12-22,2025-12-29,2,59.07553819099004,44.96256350738625,70.38411175719646,159,695.7157142857143,394.41,777.32
SKU0011,Small Appliances,Kettles,2025-12-22,2026-01-05,3,58.76568643818962,44.75251199988337,70.76523744151491,84,695.7157142857143,394.41,777.32
SKU0011,Small Appliances,Kettles,2025-12-22,2026-01-12,4,52.75137475581301,38.507590774801756,64.13200495488205,52,695.7157142857143,394.41,777.32
SKU0011,Small Appliances,Kettles,2025-12-22,2026-01-19,5,51.078736847057414,36.63074089825611,63.1920641704978,63,695.7157142857143,394.41,777.32
SKU0011,Small Appliances,Kettles,2025-12-22,2026-01-26,6,51.63469337891769,37.52049723640863,65.17977088124923,59,695.7157142857143,394.41,777.32
SKU0011,Small Appliances,Kettles,2025-12-22,2026-02-02,7,53.04369021201138,38.829703036364734,66.88036375784317,74,695.7157142857143,394.41,777.32
SKU0011,Small Appliances,Kettles,2025-12-22,2026-02-09,8,50.841139462097736,37.23894825737464,64.78108953179844,52,695.7157142857143,394.41,777.32
SKU0012,Kitchen,Storage,2025-12-22,2025-12-22,1,18.670622925191168,3.796099031992414,30.060436482956696,22,2576.2757142857145,1137.91,2730.09
SKU0012,Kitchen,Storage,2025-12-22,2025-12-29,2,13.863746654957671,0.0,25.172320221164092,34,2576.2757142857145,1137.91,2730.09
SKU0012,Kitchen,Storage,2025-12-22,2026-01-05,3,11.934718208144815,0.0,23.93426921147011,17,2576.2757142857145,1137.91,2730.09
SKU0012,Kitchen,Storage,2025-12-22,2026-01-12,4,11.804426291410126,0.0,23.18505649047917,14,2576.2757142857145,1137.91,2730.09
SKU0012,Kitchen,Storage,2025-12-22,2026-01-19,5,12.053907863225545,0.0,24.167235186665934,18,2576.2757142857145,1137.91,2730.09
SKU0012,Kitchen,Storage,2025-12-22,2026-01-26,6,12.138282632701022,0.0,25.683360135032565,12,2576.2757142857145,1137.91,2730.09
SKU0012,Kitchen,Storage,2025-12-22,2026-02-02,7,14.294887510758212,0.08090033511157202,28.13156105659,25,2576.2757142857145,1137.91,2730.09
SKU0012,Kitchen,Storage,2025-12-22,2026-02-09,8,13.363417970120947,0.0,27.303368039821656,21,2576.2757142857145,1137.91,2730.09
SKU0013,Furnishings,Rugs,2025-12-22,2025-12-22,1,20.65900714512233,5.784483251923577,32.04882070288786,32,1789.5114285714285,835.93,2005.16
SKU0013,Furnishings,Rugs,2025-12-22,2025-12-29,2,13.540912522678562,0.0,24.849486088884987,46,1789.5114285714285,835.93,2005.16
SKU0013,Furnishings,Rugs,2025-12-22,2026-01-05,3,13.400660595857753,0.0,25.400211599183045,36,1789.5114285714285,835.93,2005.16
SKU0013,Furnishings,Rugs,2025-12-22,2026-01-12,4,13.722688840536655,0.0,25.103319039605697,37,1789.5114285714285,835.93,2005.16
SKU0013,Furnishings,Rugs,2025-12-22,2026-01-19,5,13.584226891629376,0.0,25.697554215069765,22,1789.5114285714285,835.93,2005.16
SKU0013,Furnishings,Rugs,2025-12-22,2026-01-26,6,14.26703308454017,0.1528369420311151,27.81211058687171,26,1789.5114285714285,835.93,2005.16
SKU0013,Furnishings,Rugs,2025-12-22,2026-02-02,7,15.08301394111095,0.8690267654643105,28.91968748694274,34,1789.5114285714285,835.93,2005.16
SKU0013,Furnishings,Rugs,2025-12-22,2026-02-09,8,14.590904611193215,0.9887134064701169,28.530854680893924,24,1789.5114285714285,835.93,2005.16
SKU0014,Decor,Wall Art,2025-12-22,2025-12-22,1,48.42010287191912,33.545578978720364,59.80991642968465,58,1619.967142857143,777.75,1725.82
SKU0014,Decor,Wall Art,2025-12-22,2025-12-29,2,38.7806558789846,24.667681195380812,50.08922944519102,85,1619.967142857143,777.75,1725.82
SKU0014,Decor,Wall Art,2025-12-22,2026-01-05,3,38.59561003382244,24.582435595516184,50.59516103714773,50,1619.967142857143,777.75,1725.82
SKU0014,Decor,Wall Art,2025-12-22,2026-01-12,4,31.24930270363478,17.005518722623524,42.62993290270382,33,1619.967142857143,777.75,1725.82
SKU0014,Decor,Wall Art,2025-12-22,2026-01-19,5,29.631697802561728,15.183701853760418,41.74502512600212,31,1619.967142857143,777.75,1725.82
SKU0014,Decor,Wall Art,2025-12-22,2026-01-26,6,32.11799987932383,18.003803736814778,45.66307738165537,40,1619.967142857143,777.75,1725.82
SKU0014,Decor,Wall Art,2025-12-22,2026-02-02,7,31.179895567686483,16.965908392039843,45.01656911351827,33,1619.967142857143,777.75,1725.82
SKU0014,Decor,Wall Art,2025-12-22,2026-02-09,8,32.34798879290155,18.745797588178455,46.28793886260226,35,1619.967142857143,777.75,1725.82
SKU0015,Small Appliances,Blenders,2025-12-22,2025-12-22,1,169.4516579581499,154.57713406495114,180.84147151591543,179,717.0757142857143,1179.45,794.27
SKU0015,Small Appliances,Blenders,2025-12-22,2025-12-29,2,108.1087346231591,93.99575993955531,119.41730818936551,226,717.0757142857143,1179.45,794.27
SKU0015,Small Appliances,Blenders,2025-12-22,2026-01-05,3,100.4413006577214,86.42812621941515,112.4408516610467,131,717.0757142857143,1179.45,794.27
SKU0015,Small Appliances,Blenders,2025-12-22,2026-01-12,4,86.57849952224446,72.33471554123321,97.9591297213135,82,717.0757142857143,1179.45,794.27
SKU0015,Small Appliances,Blenders,2025-12-22,2026-01-19,5,85.46827864635723,71.02028269755593,97.58160596979762,96,717.0757142857143,1179.45,794.27
SKU0015,Small Appliances,Blenders,2025-12-22,2026-01-26,6,84.87392391332554,70.75972777081648,98.41900141565708,91,717.0757142857143,1179.45,794.27
SKU0015,Small Appliances,Blenders,2025-12-22,2026-02-02,7,83.9738961560799,69.75990898043327,97.81056970191169,83,717.0757142857143,1179.45,794.27
SKU0015,Small Appliances,Blenders,2025-12-22,2026-02-09,8,84.9332561878916,71.3310649831685,98.87320625759232,82,717.0757142857143,1179.45,794.27
SKU0016,Kitchen,Tableware,2025-12-22,2025-12-22,1,100.3174161280011,85.44289223480234,111.70722968576663,121,3819.7542857142857,1786.5,4174.83
SKU0016,Kitchen,Tableware,2025-12-22,2025-12-29,2,56.79074254142354,42.67776785781976,68.09931610762996,135,3819.7542857142857,1786.5,4174.83
SKU0016,Kitchen,Tableware,2025-12-22,2026-01-05,3,55.879303332700964,41.866128894394706,67.87885433602625,87,3819.7542857142857,1786.5,4174.83
SKU0016,Kitchen,Tableware,2025-12-22,2026-01-12,4,53.371043429990024,39.12725944897877,64.75167362905907,60,3819.7542857142857,1786.5,4174.83
SKU0016,Kitchen,Tableware,2025-12-22,2026-01-19,5,54.03965695130064,39.591661002499336,66.15298427474103,67,3819.7542857142857,1786.5,4174.83
SKU0016,Kitchen,Tableware,2025-12-22,2026-01-26,6,56.131914679697644,42.017718537188586,69.67699218202918,71,3819.7542857142857,1786.5,4174.83
SKU0016,Kitchen,Tableware,2025-12-22,2026-02-02,7,56.60070795366004,42.3867207780134,70.43738149949183,72,3819.7542857142857,1786.5,4174.83
SKU0016,Kitchen,Tableware,2025-12-22,2026-02-09,8,55.140230158787645,41.53803895406455,69.08018022848836,61,3819.7542857142857,1786.5,4174.83
SKU0017,Furnishings,Throws,2025-12-22,2025-12-22,1,25.43898452919909,10.564460636000335,36.82879808696462,25,2069.398571428572,1456.35,2283.2
SKU0017,Furnishings,Throws,2025-12-22,2025-12-29,2,24.957270434727548,10.844295751123763,36.26584400093397,58,2069.398571428572,1456.35,2283.2
SKU0017,Furnishings,Throws,2025-12-22,2026-01-05,3,24.169611061103634,10.15643662279738,36.16916206442893,31,2069.398571428572,1456.35,2283.2
SKU0017,Furnishings,Throws,2025-12-22,2026-01-12,4,16.94288506981903,2.699101088807776,28.323515268888073,16,2069.398571428572,1456.35,2283.2
SKU0017,Furnishings,Throws,2025-12-22,2026-01-19,5,17.52563387784174,3.0776379290404314,29.63896120128213,18,2069.398571428572,1456.35,2283.2
SKU0017,Furnishings,Throws,2025-12-22,2026-01-26,6,17.237567863884088,3.123371721375033,30.78264536621563,21,2069.398571428572,1456.35,2283.2
SKU0017,Furnishings,Throws,2025-12-22,2026-02-02,7,16.521271304124394,2.307284128477754,30.357944849956183,12,2069.398571428572,1456.35,2283.2
SKU0017,Furnishings,Throws,2025-12-22,2026-02-09,8,18.57202962951039,4.969838424787291,32.511979699211096,23,2069.398571428572,1456.35,2283.2
SKU0018,Decor,Wall Art,2025-12-22,2025-12-22,1,164.62153404159602,149.74701014839727,176.01134759936156,156,2248.098571428572,1220.05,2535.61
SKU0018,Decor,Wall Art,2025-12-22,2025-12-29,2,130.58483415746906,116.47185947386528,141.8934077236755,206,2248.098571428572,1220.05,2535.61
SKU0018,Decor,Wall Art,2025-12-22,2026-01-05,3,127.39588555160095,113.3827111132947,139.39543655492625,120,2248.098571428572,1220.05,2535.61
SKU0018,Decor,Wall Art,2025-12-22,2026-01-12,4,102.24956155671178,88.00577757570053,113.63019175578083,90,2248.098571428572,1220.05,2535.61
SKU0018,Decor,Wall Art,2025-12-22,2026-01-19,5,115.50793006823938,101.05993411943807,127.62125739167976,116,2248.098571428572,1220.05,2535.61
SKU0018,Decor,Wall Art,2025-12-22,2026-01-26,6,93.69983222423453,79.58563608172547,107.24490972656606,76,2248.098571428572,1220.05,2535.61
SKU0018,Decor,Wall Art,2025-12-22,2026-02-02,7,98.44794223102478,84.23395505537815,112.28461577685657,95,2248.098571428572,1220.05,2535.61
SKU0018,Decor,Wall Art,2025-12-22,2026-02-09,8,109.89384532919082,96.29165412446773,123.83379539889154,102,2248.098571428572,1220.05,2535.61
SKU0019,Small Appliances,Blenders,2025-12-22,2025-12-22,1,23.125694742610168,8.251170849411414,34.5155083003757,24,2771.772857142857,1419.66,2940.18
SKU0019,Small Appliances,Blenders,2025-12-22,2025-12-29,2,17.458437357234292,3.3454626736305073,28.767010923440715,20,2771.772857142857,1419.66,2940.18
SKU0019,Small Appliances,Blenders,2025-12-22,2026-01-05,3,16.155352092938514,2.1421776546322597,28.15490309626381,18,2771.772857142857,1419.66,2940.18
SKU0019,Small Appliances,Blenders,2025-12-22,2026-01-12,4,14.39322017602943,0.1494361950181755,25.773850375098473,13,2771.772857142857,1419.66,2940.18
SKU0019,Small Appliances,Blenders,2025-12-22,2026-01-19,5,14.962299900257733,0.5143039514564229,27.07562722369812,18,2771.772857142857,1419.66,2940.18
SKU0019,Small Appliances,Blenders,2025-12-22,2026-01-26,6,16.453382553099043,2.3391864105899884,29.998460055430584,15,2771.772857142857,1419.66,2940.18
SKU0019,Small Appliances,Blenders,2025-12-22,2026-02-02,7,18.640129134044557,4.426141958397917,32.47680267987634,25,2771.772857142857,1419.66,2940.18
SKU0019,Small Appliances,Blenders,2025-12-22,2026-02-09,8,19.169449642459224,5.567258437736125,33.109399712159934,23,2771.772857142857,1419.66,2940.18
SKU0020,Kitchen,Storage,2025-12-22,2025-12-22,1,2.611150967220209,0.0,14.000964524985736,6,263.10857142857145,154.58,297.42
SKU0020,Kitchen,Storage,2025-12-22,2025-12-29,2,2.3092962685955394,0.0,13.617869834801962,11,263.10857142857145,154.58,297.42
SKU0020,Kitchen,Storage,2025-12-22,2026-01-05,3,1.7307166675891992,0.0,13.730267670914493,6,263.10857142857145,154.58,297.42
SKU0020,Kitchen,Storage,2025-12-22,2026-01-12,4,1.5877168511133883,0.0,12.96834705018243,0,263.10857142857145,154.58,297.42
SKU0020,Kitchen,Storage,2025-12-22,2026-01-19,5,1.6382359240973627,0.0,13.751563247537751,2,263.10857142857145,154.58,297.42
SKU0020,Kitchen,Storage,2025-12-22,2026-01-26,6,1.7101447381022308,0.0,15.255222240433772,2,263.10857142857145,154.58,297.42
SKU0020,Kitchen,Storage,2025-12-22,2026-02-02,7,1.7630375935117732,0.0,15.599711139343562,1,263.10857142857145,154.58,297.42
SKU0020,Kitchen,Storage,2025-12-22,2026-02-09,8,1.7900569119983918,0.0,15.730006981699102,3,263.10857142857145,154.58,297.42
SKU0021,Furnishings,Cushions,2025-12-22,2025-12-22,1,57.438280185823544,42.56375629262479,68.82809374358908,72,3216.5071428571428,2145.24,3605.56
SKU0021,Furnishings,Cushions,2025-12-22,2025-12-29,2,37.12929064361315,23.01631596000937,48.43786420981958,49,3216.5071428571428,2145.24,3605.56
SKU0021,Furnishings,Cushions,2025-12-22,2026-01-05,3,26.131186299520014,12.118011861213759,38.130737302845304,27,3216.5071428571428,2145.24,3605.56
SKU0021,Furnishings,Cushions,2025-12-22,2026-01-12,4,22.74953241457672,8.505748433565465,34.130162613645766,14,3216.5071428571428,2145.24,3605.56
SKU0021,Furnishings,Cushions,2025-12-22,2026-01-19,5,21.887669113644307,7.439673164842997,34.000996437084694,22,3216.5071428571428,2145.24,3605.56
SKU0021,Furnishings,Cushions,2025-12-22,2026-01-26,6,21.43563990619942,7.321443763690365,34.980717408530964,17,3216.5071428571428,2145.24,3605.56
SKU0021,Furnishings,Cushions,2025-12-22,2026-02-02,7,22.56103750427693,8.347050328630289,36.39771105010872,19,3216.5071428571428,2145.24,3605.56
SKU0021,Furnishings,Cushions,2025-12-22,2026-02-09,8,24.226012239640685,10.623821034917587,38.165962309341396,32,3216.5071428571428,2145.24,3605.56
SKU0022,Decor,Wall Art,2025-12-22,2025-12-22,1,23.781750165917327,8.907226272718573,35.17156372368285,25,1643.4071428571426,790.5,1734.59
SKU0022,Decor,Wall Art,2025-12-22,2025-12-29,2,21.53739038062389,7.424415697020105,32.84596394683031,46,1643.4071428571426,790.5,1734.59
SKU0022,Decor,Wall Art,2025-12-22,2026-01-05,3,19.156108196418256,5.142933758112001,31.15565919974355,22,1643.4071428571426,790.5,1734.59
SKU0022,Decor,Wall Art,2025-12-22,2026-01-12,4,15.408448882210282,1.1646649011990267,26.789079081279326,15,1643.4071428571426,790.5,1734.59
SKU0022,Decor,Wall Art,2025-12-22,2026-01-19,5,15.95341322276554,1.5054172739642304,28.066740546205928,20,1643.4071428571426,790.5,1734.59
SKU0022,Decor,Wall Art,2025-12-22,2026-01-26,6,15.569380508206233,1.4551843656971784,29.114458010537774,18,1643.4071428571426,790.5,1734.59
SKU0022,Decor,Wall Art,2025-12-22,2026-02-02,7,18.020483985830655,3.806496810184015,31.857157531662445,24,1643.4071428571426,790.5,1734.59
SKU0022,Decor,Wall Art,2025-12-22,2026-02-09,8,18.060393724652183,4.458202519929085,32.000343794352894,26,1643.4071428571426,790.5,1734.59
SKU0023,Small Appliances,Kettles,2025-12-22,2025-12-22,1,9.835582946716189,0.0,21.225396504481715,12,4106.074285714286,1977.03,4343.88
SKU0023,Small Appliances,Kettles,2025-12-22,2025-12-29,2,6.755566887795392,0.0,18.064140454001816,10,4106.074285714286,1977.03,4343.88
SKU0023,Small Appliances,Kettles,2025-12-22,2026-01-05,3,5.248063498385278,0.0,17.247614501710572,4,4106.074285714286,1977.03,4343.88
SKU0023,Small Appliances,Kettles,2025-12-22,2026-01-12,4,4.939916586189219,0.0,16.320546785258262,5,4106.074285714286,1977.03,4343.88
SKU0023,Small Appliances,Kettles,2025-12-22,2026-01-19,5,4.819622172119773,0.0,16.932949495560162,5,4106.074285714286,1977.03,4343.88
SKU0023,Small Appliances,Kettles,2025-12-22,2026-01-26,6,4.799130108707662,0.0,18.344207611039202,2,4106.074285714286,1977.03,4343.88
SKU0023,Small Appliances,Kettles,2025-12-22,2026-02-02,7,4.410010909798568,0.0,18.246684455630355,5,4106.074285714286,1977.03,4343.88
SKU0023,Small Appliances,Kettles,2025-12-22,2026-02-09,8,4.9628034924904805,0.0,18.90275356219119,2,4106.074285714286,1977.03,4343.88
SKU0024,Kitchen,Storage,2025-12-22,2025-12-22,1,79.03512352114427,64.16059962794552,90.4249370789098,82,652.5285714285714,484.07,690.89
SKU0024,Kitchen,Storage,2025-12-22,2025-12-29,2,65.28114699184434,51.16817230824056,76.58972055805076,90,652.5285714285714,484.07,690.89
SKU0024,Kitchen,Storage,2025-12-22,2026-01-05,3,57.012394572887,42.99922013458074,69.0119455762123,57,652.5285714285714,484.07,690.89
SKU0024,Kitchen,Storage,2025-12-22,2026-01-12,4,52.89622100368455,38.6524370226733,64.27685120275359,51,652.5285714285714,484.07,690.89
SKU0024,Kitchen,Storage,2025-12-22,2026-01-19,5,51.75538277588589,37.307386827084585,63.86871009932628,58,652.5285714285714,484.07,690.89
SKU0024,Kitchen,Storage,2025-12-22,2026-01-26,6,48.52290589854246,34.4087097560334,62.067983400874,43,652.5285714285714,484.07,690.89
SKU0024,Kitchen,Storage,2025-12-22,2026-02-02,7,50.05194762666222,35.837960451015576,63.888621172494005,50,652.5285714285714,484.07,690.89
SKU0024,Kitchen,Storage,2025-12-22,2026-02-09,8,48.86768845140567,35.26549724668257,62.807638521106384,44,652.5285714285714,484.07,690.89
SKU0025,Furnishings,Rugs,2025-12-22,2025-12-22,1,177.8171767500121,162.94265285681334,189.20699030777763,204,1704.437142857143,1197.74,1908.63
SKU0025,Furnishings,Rugs,2025-12-22,2025-12-29,2,135.89123573339668,121.7782610497929,147.19980929960312,282,1704.437142857143,1197.74,1908.63
SKU0025,Furnishings,Rugs,2025-12-22,2026-01-05,3,117.53631504767455,103.5231406093683,129.53586605099986,120,1704.437142857143,1197.74,1908.63
SKU0025,Furnishings,Rugs,2025-12-22,2026-01-12,4,102.94770293965519,88.70391895864392,114.32833313872423,101,1704.437142857143,1197.74,1908.63
SKU0025,Furnishings,Rugs,2025-12-22,2026-01-19,5,109.45514459559763,95.00714864679632,121.56847191903802,114,1704.437142857143,1197.74,1908.63
SKU0025,Furnishings,Rugs,2025-12-22,2026-01-26,6,97.8536450860922,83.73944894358314,111.39872258842374,95,1704.437142857143,1197.74,1908.63
SKU0025,Furnishings,Rugs,2025-12-22,2026-02-02,7,96.06784130844308,81.85385413279644,109.90451485427486,77,1704.437142857143,1197.74,1908.63
SKU0025,Furnishings,Rugs,2025-12-22,2026-02-09,8,98.02578474279147,84.42359353806837,111.96573481249219,89,1704.437142857143,1197.74,1908.63
SKU0026,Decor,Wall Art,2025-12-22,2025-12-22,1,62.33204698845927,47.45752309526051,73.7218605462248,59,898.4028571428571,448.6,1002.88
SKU0026,Decor,Wall Art,2025-12-22,2025-12-29,2,52.759210254299695,38.64623557069591,64.06778382050612,76,898.4028571428571,448.6,1002.88
SKU0026,Decor,Wall Art,2025-12-22,2026-01-05,3,46.58762760881245,32.57445317050619,58.58717861213774,42,898.4028571428571,448.6,1002.88
SKU0026,Decor,Wall Art,2025-12-22,2026-01-12,4,44.44121499241235,30.197431011401093,55.82184519148139,41,898.4028571428571,448.6,1002.88
SKU0026,Decor,Wall Art,2025-12-22,2026-01-19,5,44.439679728238595,29.991683779437285,56.55300705167898,56,898.4028571428571,448.6,1002.88
SKU0026,Decor,Wall Art,2025-12-22,2026-01-26,6,39.6221104093364,25.507914266827346,53.16718791166794,26,898.4028571428571,448.6,1002.88
SKU0026,Decor,Wall Art,2025-12-22,2026-02-02,7,37.63226860281453,23.418281427167887,51.46894214864631,35,898.4028571428571,448.6,1002.88
SKU0026,Decor,Wall Art,2025-12-22,2026-02-09,8,37.63226860281453,24.03007739809143,51.572218672515234,31,898.4028571428571,448.6,1002.88
SKU0027,Small Appliances,Kettles,2025-12-22,2025-12-22,1,103.09502749485135,88.2205036016526,114.48484105261687,111,1607.5357142857142,809.66,1745.9
SKU0027,Small Appliances,Kettles,2025-12-22,2025-12-29,2,91.44680600855688,77.3338313249531,102.7553795747633,183,1607.5357142857142,809.66,1745.9
SKU0027,Small Appliances,Kettles,2025-12-22,2026-01-05,3,86.55628246595512,72.54310802764887,98.55583346928042,90,1607.5357142857142,809.66,1745.9
SKU0027,Small Appliances,Kettles,2025-12-22,2026-01-12,4,65.86316233835215,51.6193783573409,77.2437925374212,48,1607.5357142857142,809.66,1745.9
SKU0027,Small Appliances,Kettles,2025-12-22,2026-01-19,5,61.28482835908921,46.8368324102879,73.3981556825296,52,1607.5357142857142,809.66,1745.9
SKU0027,Small Appliances,Kettles,2025-12-22,2026-01-26,6,62.229002528797096,48.11480638628804,75.77408003112863,46,1607.5357142857142,809.66,1745.9
SKU0027,Small Appliances,Kettles,2025-12-22,2026-02-02,7,60.84027208786173,46.626284912215084,74.67694563369352,54,1607.5357142857142,809.66,1745.9
SKU0027,Small Appliances,Kettles,2025-12-22,2026-02-09,8,59.40075466922739,45.79856346450429,73.3407047389281,39,1607.5357142857142,809.66,1745.9
SKU0028,Kitchen,Storage,2025-12-22,2025-12-22,1,17.222727943770824,2.34820405057207,28.612541501536352,22,399.32857142857137,292.11,450.32
SKU0028,Kitchen,Storage,2025-12-22,2025-12-29,2,11.719500677709881,0.0,23.028074243916304,20,399.32857142857137,292.11,450.32
SKU0028,Kitchen,Storage,2025-12-22,2026-01-05,3,9.653272147976898,0.0,21.652823151302194,10,399.32857142857137,292.11,450.32
SKU0028,Kitchen,Storage,2025-12-22,2026-01-12,4,9.390392428516922,0.0,20.771022627585964,14,399.32857142857137,292.11,450.32
SKU0028,Kitchen,Storage,2025-12-22,2026-01-19,5,9.082156603521282,0.0,21.19548392696167,9,399.32857142857137,292.11,450.32
SKU0028,Kitchen,Storage,2025-12-22,2026-01-26,6,8.800310916666465,0.0,22.345388418998006,10,399.32857142857137,292.11,450.32
SKU0028,Kitchen,Storage,2025-12-22,2026-02-02,7,9.277080944332734,0.0,23.113754490164524,12,399.32857142857137,292.11,450.32
SKU0028,Kitchen,Storage,2025-12-22,2026-02-09,8,8.121863762088669,0.0,22.06181383178938,8,399.32857142857137,292.11,450.32
SKU0029,Furnishings,Throws,2025-12-22,2025-12-22,1,13.820722387821075,0.0,25.210535945586603,32,2833.908571428572,1773.29,3048.36
SKU0029,Furnishings,Throws,2025-12-22,2025-12-29,2,8.996640879654617,0.0,20.30521444586104,46,2833.908571428572,1773.29,3048.36
SKU0029,Furnishings,Throws,2025-12-22,2026-01-05,3,8.404205549710355,0.0,20.40375655303565,18,2833.908571428572,1773.29,3048.36
SKU0029,Furnishings,Throws,2025-12-22,2026-01-12,4,9.080552922607811,0.0,20.461183121676854,20,2833.908571428572,1773.29,3048.36
SKU0029,Furnishings,Throws,2025-12-22,2026-01-19,5,9.976766684341152,0.0,22.09009400778154,22,2833.908571428572,1773.29,3048.36
SKU0029,Furnishings,Throws,2025-12-22,2026-01-26,6,9.730822292517498,0.0,23.27589979484904,19,2833.908571428572,1773.29,3048.36
SKU0029,Furnishings,Throws,2025-12-22,2026-02-02,7,9.49560974836061,0.0,23.3322832941924,17,2833.908571428572,1773.29,3048.36
SKU0029,Furnishings,Throws,2025-12-22,2026-02-09,8,9.361289503365423,0.0,23.301239573066134,15,2833.908571428572,1773.29,3048.36
SKU0030,Decor,Wall Art,2025-12-22,2025-12-22,1,36.96586283119448,22.091338937995722,48.355676388960006,35,4207.954285714286,1964.58,4440.48
SKU0030,Decor,Wall Art,2025-12-22,2025-12-29,2,34.505656417657384,20.3926817340536,45.81422998386381,59,4207.954285714286,1964.58,4440.48
SKU0030,Decor,Wall Art,2025-12-22,2026-01-05,3,31.018004879457152,17.004830441150897,43.017555882782446,33,4207.954285714286,1964.58,4440.48
SKU0030,Decor,Wall Art,2025-12-22,2026-01-12,4,25.418920342365716,11.175136361354461,36.799550541434755,23,4207.954285714286,1964.58,4440.48
SKU0030,Decor,Wall Art,2025-12-22,2026-01-19,5,24.648158903697638,10.200162954896328,36.76148622713803,32,4207.954285714286,1964.58,4440.48
SKU0030,Decor,Wall Art,2025-12-22,2026-01-26,6,25.998561120507038,11.884364977997983,39.54363862283858,25,4207.954285714286,1964.58,4440.48
SKU0030,Decor,Wall Art,2025-12-22,2026-02-02,7,32.972206930302306,18.758219754655666,46.80888047613409,39,4207.954285714286,1964.58,4440.48
SKU0030,Decor,Wall Art,2025-12-22,2026-02-09,8,35.2742810044998,21.6720897997767,49.21423107420051,48,4207.954285714286,1964.58,4440.48
SKU0031,Small Appliances,Lamps,2025-12-22,2025-12-22,1,25.670059844608044,10.79553595140929,37.05987340237357,19,687.74,313.27,777.89
SKU0031,Small Appliances,Lamps,2025-12-22,2025-12-29,2,23.258383795635407,9.145409112031622,34.56695736184183,38,687.74,313.27,777.89
SKU0031,Small Appliances,Lamps,2025-12-22,2026-01-05,3,22.868570009207627,8.855395570901372,34.868121012532924,23,687.74,313.27,777.89
SKU0031,Small Appliances,Lamps,2025-12-22,2026-01-12,4,20.83568564543002,6.591901664418764,32.216315844499064,22,687.74,313.27,777.89
SKU0031,Small Appliances,Lamps,2025-12-22,2026-01-19,5,20.598641590101234,6.150645641299924,32.711968913541625,24,687.74,313.27,777.89
SKU0031,Small Appliances,Lamps,2025-12-22,2026-01-26,6,19.236704594682124,5.122508452173069,32.78178209701366,17,687.74,313.27,777.89
SKU0031,Small Appliances,Lamps,2025-12-22,2026-02-02,7,21.993791707475324,7.779804531828685,35.83046525330711,28,687.74,313.27,777.89
SKU0031,Small Appliances,Lamps,2025-12-22,2026-02-09,8,25.17182976642151,11.569638561698412,39.111779836122224,27,687.74,313.27,777.89
SKU0032,Kitchen,Cookware,2025-12-22,2025-12-22,1,48.26225717508972,33.38773328189097,59.65207073285525,53,946.5871428571428,569.72,1006.78
SKU0032,Kitchen,Cookware,2025-12-22,2025-12-29,2,40.97469082735933,26.861716143755547,52.28326439356576,77,946.5871428571428,569.72,1006.78
SKU0032,Kitchen,Cookware,2025-12-22,2026-01-05,3,42.00933842593052,27.996163987624268,54.00888942925582,57,946.5871428571428,569.72,1006.78
SKU0032,Kitchen,Cookware,2025-12-22,2026-01-12,4,34.381605610124446,20.13782162911319,45.762235809193484,35,946.5871428571428,569.72,1006.78
SKU0032,Kitchen,Cookware,2025-12-22,2026-01-19,5,36.60540884969128,22.15741290088997,48.71873617313167,43,946.5871428571428,569.72,1006.78
SKU0032,Kitchen,Cookware,2025-12-22,2026-01-26,6,36.75316559031176,22.638969447802705,50.298243092643304,38,946.5871428571428,569.72,1006.78
SKU0032,Kitchen,Cookware,2025-12-22,2026-02-02,7,37.266374729420015,23.052387553773375,51.1030482752518,39,946.5871428571428,569.72,1006.78
SKU0032,Kitchen,Cookware,2025-12-22,2026-02-09,8,37.86351468108734,24.26132347636424,51.80346475078805,41,946.5871428571428,569.72,1006.78
SKU0033,Furnishings,Throws,2025-12-22,2025-12-22,1,13.849484226004456,0.0,25.239297783769985,16,4608.144285714286,2153.01,4973.93
SKU0033,Furnishings,Throws,2025-12-22,2025-12-29,2,13.530315774819703,0.0,24.838889341026125,31,4608.144285714286,2153.01,4973.93
SKU0033,Furnishings,Throws,2025-12-22,2026-01-05,3,11.423540086829881,0.0,23.423091090155175,15,4608.144285714286,2153.01,4973.93
SKU0033,Furnishings,Throws,2025-12-22,2026-01-12,4,10.482363799816694,0.0,21.862993998885734,11,4608.144285714286,2153.01,4973.93
SKU0033,Furnishings,Throws,2025-12-22,2026-01-19,5,11.654818519863603,0.0,23.76814584330399,18,4608.144285714286,2153.01,4973.93
SKU0033,Furnishings,Throws,2025-12-22,2026-01-26,6,10.588823327126669,0.0,24.13390082945821,17,4608.144285714286,2153.01,4973.93
SKU0033,Furnishings,Throws,2025-12-22,2026-02-02,7,9.023625859802616,0.0,22.860299405634404,6,4608.144285714286,2153.01,4973.93
SKU0033,Furnishings,Throws,2025-12-22,2026-02-09,8,8.663186179512092,0.0,22.603136249212803,11,4608.144285714286,2153.01,4973.93
SKU0034,Decor,Candles,2025-12-22,2025-12-22,1,39.12454255383904,24.250018660640286,50.51435611160457,42,2160.51,1125.67,2423.31
SKU0034,Decor,Candles,2025-12-22,2025-12-29,2,34.46545558969894,20.352480906095156,45.77402915590537,49,2160.51,1125.67,2423.31
SKU0034,Decor,Candles,2025-12-22,2026-01-05,3,31.595911951241398,17.582737512935143,43.59546295456669,38,2160.51,1125.67,2423.31
SKU0034,Decor,Candles,2025-12-22,2026-01-12,4,27.222967894728075,12.97918391371682,38.60359809379712,29,2160.51,1125.67,2423.31
SKU0034,Decor,Candles,2025-12-22,2026-01-19,5,23.917171883953973,9.469175935152663,36.030499207394364,26,2160.51,1125.67,2423.31
SKU0034,Decor,Candles,2025-12-22,2026-01-26,6,23.24932945762198,9.135133315112924,36.79440695995352,25,2160.51,1125.67,2423.31
SKU0034,Decor,Candles,2025-12-22,2026-02-02,7,24.512919741380117,10.298932565733477,38.3495932872119,23,2160.51,1125.67,2423.31
SKU0034,Decor,Candles,2025-12-22,2026-02-09,8,26.68551707528404,13.083325870560941,40.62546714498475,35,2160.51,1125.67,2423.31
SKU0035,Small Appliances,Kettles,2025-12-22,2025-12-22,1,6.564635194111146,0.0,17.954448751876676,10,501.00714285714287,284.36,539.99
SKU0035,Small Appliances,Kettles,2025-12-22,2025-12-29,2,4.7638658177986795,0.0,16.0724393840051,7,501.00714285714287,284.36,539.99
SKU0035,Small Appliances,Kettles,2025-12-22,2026-01-05,3,4.529847761337206,0.0,16.5293987646625,5,501.00714285714287,284.36,539.99
SKU0035,Small Appliances,Kettles,2025-12-22,2026-01-12,4,4.353705368569105,0.0,15.734335567638148,6,501.00714285714287,284.36,539.99
SKU0035,Small Appliances,Kettles,2025-12-22,2026-01-19,5,4.448714597359045,0.0,16.562041920799434,5,501.00714285714287,284.36,539.99
SKU0035,Small Appliances,Kettles,2025-12-22,2026-01-26,6,4.498241378688245,0.0,18.043318881019786,4,501.00714285714287,284.36,539.99
SKU0035,Small Appliances,Kettles,2025-12-22,2026-02-02,7,4.434277002519076,0.0,18.270950548350864,6,501.00714285714287,284.36,539.99
SKU0035,Small Appliances,Kettles,2025-12-22,2026-02-09,8,4.2277236364671555,0.0,18.167673706167868,4,501.00714285714287,284.36,539.99
SKU0036,Kitchen,Cookware,2025-12-22,2025-12-22,1,29.782324428065568,14.907800534866814,41.1721379858311,36,1304.814285714286,878.26,1381.88
SKU0036,Kitchen,Cookware,2025-12-22,2025-12-29,2,24.026455494089472,9.913480810485687,35.335029060295895,46,1304.814285714286,878.26,1381.88
SKU0036,Kitchen,Cookware,2025-12-22,2026-01-05,3,21.649649207766963,7.636474769460708,33.64920021109226,24,1304.814285714286,878.26,1381.88
SKU0036,Kitchen,Cookware,2025-12-22,2026-01-12,4,18.028699462551874,3.7849154815406187,29.409329661620916,15,1304.814285714286,878.26,1381.88
SKU0036,Kitchen,Cookware,2025-12-22,2026-01-19,5,19.33805094459331,4.890054995791999,31.4513782680337,26,1304.814285714286,878.26,1381.88
SKU0036,Kitchen,Cookware,2025-12-22,2026-01-26,6,17.977975266209306,3.863779123700251,31.523052768540847,14,1304.814285714286,878.26,1381.88
SKU0036,Kitchen,Cookware,2025-12-22,2026-02-02,7,21.47422593298022,7.260238757333582,35.31089947881201,23,1304.814285714286,878.26,1381.88
SKU0036,Kitchen,Cookware,2025-12-22,2026-02-09,8,24.05399867372927,10.451807469006173,37.99394874342998,31,1304.814285714286,878.26,1381.88
SKU0037,Furnishings,Cushions,2025-12-22,2025-12-22,1,64.89844608352335,50.0239221903246,76.28825964128887,70,1091.0814285714284,492.83,1237.07
SKU0037,Furnishings,Cushions,2025-12-22,2025-12-29,2,47.47311202551933,33.36013734191555,58.78168559172575,109,1091.0814285714284,492.83,1237.07
SKU0037,Furnishings,Cushions,2025-12-22,2026-01-05,3,43.75109631631213,29.737921878005874,55.75064731963742,53,1091.0814285714284,492.83,1237.07
SKU0037,Furnishings,Cushions,2025-12-22,2026-01-12,4,36.888752157015105,22.64496817600385,48.26938235608415,39,1091.0814285714284,492.83,1237.07
SKU0037,Furnishings,Cushions,2025-12-22,2026-01-19,5,32.70331205178207,18.25531610298076,44.81663937522246,35,1091.0814285714284,492.83,1237.07
SKU0037,Furnishings,Cushions,2025-12-22,2026-01-26,6,31.0492111075164,16.935014965007344,44.594288609847936,29,1091.0814285714284,492.83,1237.07
SKU0037,Furnishings,Cushions,2025-12-22,2026-02-02,7,30.752440264066852,16.538453088420212,44.58911380989864,26,1091.0814285714284,492.83,1237.07
SKU0037,Furnishings,Cushions,2025-12-22,2026-02-09,8,30.981323302728857,17.37913209800576,44.92127337242957,30,1091.0814285714284,492.83,1237.07
SKU0038,Decor,Vases,2025-12-22,2025-12-22,1,136.7857081782871,121.91118428508835,148.17552173605264,142,1829.5685714285717,919.42,1939.15
SKU0038,Decor,Vases,2025-12-22,2025-12-29,2,104.25673726125548,90.1437625776517,115.5653108274619,221,1829.5685714285717,919.42,1939.15
SKU0038,Decor,Vases,2025-12-22,2026-01-05,3,102.02568260481664,88.01250816651039,114.02523360814193,113,1829.5685714285717,919.42,1939.15
SKU0038,Decor,Vases,2025-12-22,2026-01-12,4,76.01395428137091,61.77017030035966,87.39458448043996,74,1829.5685714285717,919.42,1939.15
SKU0038,Decor,Vases,2025-12-22,2026-01-19,5,75.40892977844281,60.960933829641505,87.5222571018832,85,1829.5685714285717,919.42,1939.15
SKU0038,Decor,Vases,2025-12-22,2026-01-26,6,68.58991588689946,54.4757197443904,82.134993389231,68,1829.5685714285717,919.42,1939.15
SKU0038,Decor,Vases,2025-12-22,2026-02-02,7,63.93443502481246,49.72044784916582,77.77110857064424,48,1829.5685714285717,919.42,1939.15
SKU0038,Decor,Vases,2025-12-22,2026-02-09,8,64.694424590122,51.0922333853989,78.63437465982271,55,1829.5685714285717,919.42,1939.15
SKU0039,Small Appliances,Lamps,2025-12-22,2025-12-22,1,31.381753808590002,16.50722991539125,42.77156736635553,30,2775.807142857143,1247.17,2917.48
SKU0039,Small Appliances,Lamps,2025-12-22,2025-12-29,2,29.625647142583865,15.51267245898008,40.93422070879029,39,2775.807142857143,1247.17,2917.48
SKU0039,Small Appliances,Lamps,2025-12-22,2026-01-05,3,22.132316891602414,8.11914245329616,34.13186789492771,17,2775.807142857143,1247.17,2917.48
SKU0039,Small Appliances,Lamps,2025-12-22,2026-01-12,4,18.47704356641493,4.233259585403676,29.857673765483973,18,2775.807142857143,1247.17,2917.48
SKU0039,Small Appliances,Lamps,2025-12-22,2026-01-19,5,18.713069581285808,4.265073632484498,30.826396904726195,11,2775.807142857143,1247.17,2917.48
SKU0039,Small Appliances,Lamps,2025-12-22,2026-01-26,6,20.123916783530817,6.009720641021762,33.668994285862354,22,2775.807142857143,1247.17,2917.48
SKU0039,Small Appliances,Lamps,2025-12-22,2026-02-02,7,20.276936444290122,6.062949268643482,34.11360999012191,18,2775.807142857143,1247.17,2917.48
SKU0039,Small Appliances,Lamps,2025-12-22,2026-02-09,8,18.523653307463253,4.921462102740154,32.46360337716396,18,2775.807142857143,1247.17,2917.48
SKU0040,Kitchen,Storage,2025-12-22,2025-12-22,1,68.95310759942693,54.07858370622817,80.34292115719245,70,2819.154285714286,1267.51,3200.96
SKU0040,Kitchen,Storage,2025-12-22,2025-12-29,2,57.188449083104885,43.075474399501104,68.4970226493113,88,2819.154285714286,1267.51,3200.96
SKU0040,Kitchen,Storage,2025-12-22,2026-01-05,3,49.90719027844437,35.89401584013811,61.90674128176966,47,2819.154285714286,1267.51,3200.96
SKU0040,Kitchen,Storage,2025-12-22,2026-01-12,4,42.98249276989232,28.738708788881063,54.36312296896136,37,2819.154285714286,1267.51,3200.96
SKU0040,Kitchen,Storage,2025-12-22,2026-01-19,5,41.085102362162914,26.637106413361604,53.1984296856033,41,2819.154285714286,1267.51,3200.96
SKU0040,Kitchen,Storage,2025-12-22,2026-01-26,6,40.199047645732506,26.08485150322345,53.74412514806404,30,2819.154285714286,1267.51,3200.96
SKU0040,Kitchen,Storage,2025-12-22,2026-02-02,7,41.59913173910763,27.385144563460987,55.43580528493941,41,2819.154285714286,1267.51,3200.96
SKU0040,Kitchen,Storage,2025-12-22,2026-02-09,8,43.39331541079019,29.79112420606709,57.333265480490894,40,2819.154285714286,1267.51,3200.96
SKU0041,Furnishings,Throws,2025-12-22,2025-12-22,1,11.826968398590338,0.0,23.216781956355867,13,1178.137142857143,726.08,1305.41
SKU0041,Furnishings,Throws,2025-12-22,2025-12-29,2,9.517375558116498,0.0,20.82594912432292,12,1178.137142857143,726.08,1305.41
SKU0041,Furnishings,Throws,2025-12-22,2026-01-05,3,9.49670784974546,0.0,21.496258853070756,15,1178.137142857143,726.08,1305.41
SKU0041,Furnishings,Throws,2025-12-22,2026-01-12,4,9.278234838260659,0.0,20.6588650373297,10,1178.137142857143,726.08,1305.41
SKU0041,Furnishings,Throws,2025-12-22,2026-01-19,5,9.022195413628662,0.0,21.135522737069053,13,1178.137142857143,726.08,1305.41
SKU0041,Furnishings,Throws,2025-12-22,2026-01-26,6,8.794091609418361,0.0,22.339169111749904,10,1178.137142857143,726.08,1305.41
SKU0041,Furnishings,Throws,2025-12-22,2026-02-02,7,8.351416314534818,0.0,22.188089860366606,6,1178.137142857143,726.08,1305.41
SKU0041,Furnishings,Throws,2025-12-22,2026-02-09,8,8.020343177275574,0.0,21.960293246976285,9,1178.137142857143,726.08,1305.41
SKU0042,Decor,Vases,2025-12-22,2025-12-22,1,47.51367113295683,32.639147239758074,58.90348469072236,46,1526.9042857142856,1142.17,1628.66
SKU0042,Decor,Vases,2025-12-22,2025-12-29,2,41.441173166622825,27.32819848301904,52.74974673282925,73,1526.9042857142856,1142.17,1628.66
SKU0042,Decor,Vases,2025-12-22,2026-01-05,3,43.22557996895496,29.212405530648706,55.225130972280255,58,1526.9042857142856,1142.17,1628.66
SKU0042,Decor,Vases,2025-12-22,2026-01-12,4,32.79001544963959,18.546231468628335,44.17064564870863,35,1526.9042857142856,1142.17,1628.66
SKU0042,Decor,Vases,2025-12-22,2026-01-19,5,30.67118633601307,16.22319038721176,42.78451365945346,23,1526.9042857142856,1142.17,1628.66
SKU0042,Decor,Vases,2025-12-22,2026-01-26,6,30.459383354734452,16.345187212225397,44.00446085706599,35,1526.9042857142856,1142.17,1628.66
SKU0042,Decor,Vases,2025-12-22,2026-02-02,7,30.210691603938766,15.996704428292126,44.047365149770556,31,1526.9042857142856,1142.17,1628.66
SKU0042,Decor,Vases,2025-12-22,2026-02-09,8,25.920588877672078,12.31839767294898,39.86053894737279,18,1526.9042857142856,1142.17,1628.66
SKU0043,Small Appliances,Kettles,2025-12-22,2025-12-22,1,13.987299003896135,0.0,25.37711256166166,0,783.7142857142857,419.4,866.0
SKU0043,Small Appliances,Kettles,2025-12-22,2025-12-29,2,9.07779190442021,0.0,20.386365470626632,0,783.7142857142857,419.4,866.0
SKU0043,Small Appliances,Kettles,2025-12-22,2026-01-05,3,7.847214550210149,0.0,19.84676555353544,2,783.7142857142857,419.4,866.0
SKU0043,Small Appliances,Kettles,2025-12-22,2026-01-12,4,8.382813148472614,0.0,19.763443347541656,10,783.7142857142857,419.4,866.0
SKU0043,Small Appliances,Kettles,2025-12-22,2026-01-19,5,8.222370426883275,0.0,20.335697750323664,9,783.7142857142857,419.4,866.0
SKU0043,Small Appliances,Kettles,2025-12-22,2026-01-26,6,7.772452831198771,0.0,21.31753033353031,5,783.7142857142857,419.4,866.0
SKU0043,Small Appliances,Kettles,2025-12-22,2026-02-02,7,8.689346774547552,0.0,22.526020320379338,8,783.7142857142857,419.4,866.0
SKU0043,Small Appliances,Kettles,2025-12-22,2026-02-09,8,10.36312490693464,0.0,24.30307497663535,16,783.7142857142857,419.4,866.0
SKU0044,Kitchen,Storage,2025-12-22,2025-12-22,1,41.75707127646972,26.882547383270968,53.14688483423525,48,1556.564285714286,760.59,1666.69
SKU0044,Kitchen,Storage,2025-12-22,2025-12-29,2,34.529236776338195,20.41626209273441,45.837810342544614,52,1556.564285714286,760.59,1666.69
SKU0044,Kitchen,Storage,2025-12-22,2026-01-05,3,28.54750712704992,14.534332688743664,40.54705813037521,28,1556.564285714286,760.59,1666.69
SKU0044,Kitchen,Storage,2025-12-22,2026-01-12,4,27.83201946898601,13.588235487974757,39.21264966805505,34,1556.564285714286,760.59,1666.69
SKU0044,Kitchen,Storage,2025-12-22,2026-01-19,5,27.843437403752223,13.395441454950912,39.95676472719261,37,1556.564285714286,760.59,1666.69
SKU0044,Kitchen,Storage,2025-12-22,2026-01-26,6,22.39716920096613,8.282973058457074,35.94224670329767,21,1556.564285714286,760.59,1666.69
SKU0044,Kitchen,Storage,2025-12-22,2026-02-02,7,21.902149651113458,7.688162475466818,35.73882319694525,20,1556.564285714286,760.59,1666.69
SKU0044,Kitchen,Storage,2025-12-22,2026-02-09,8,21.336129765670826,7.733938560947728,35.27607983537153,26,1556.564285714286,760.59,1666.69
SKU0045,Furnishings,Rugs,2025-12-22,2025-12-22,1,134.96134665072293,120.08682275752417,146.35116020848847,166,2586.8,1940.13,2967.02
SKU0045,Furnishings,Rugs,2025-12-22,2025-12-29,2,78.39368384797915,64.28070916437537,89.70225741418557,249,2586.8,1940.13,2967.02
SKU0045,Furnishings,Rugs,2025-12-22,2026-01-05,3,78.3565414381701,64.34336699986385,90.35609244149539,127,2586.8,1940.13,2967.02
SKU0045,Furnishings,Rugs,2025-12-22,2026-01-12,4,72.06321121565409,57.81942723464284,83.44384141472314,85,2586.8,1940.13,2967.02
SKU0045,Furnishings,Rugs,2025-12-22,2026-01-19,5,64.87221091413888,50.42421496533757,76.98553823757926,71,2586.8,1940.13,2967.02
SKU0045,Furnishings,Rugs,2025-12-22,2026-01-26,6,69.10045937183773,54.98626322932867,82.64553687416927,82,2586.8,1940.13,2967.02
SKU0045,Furnishings,Rugs,2025-12-22,2026-02-02,7,72.10285553899185,57.88886836334521,85.93952908482363,102,2586.8,1940.13,2967.02
SKU0045,Furnishings,Rugs,2025-12-22,2026-02-09,8,74.69323646599106,61.091045261267965,88.63318653569178,93,2586.8,1940.13,2967.02
SKU0046,Decor,Wall Art,2025-12-22,2025-12-22,1,51.34290560884424,36.468381715645485,62.73271916660977,32,336.67571428571426,170.54,352.31
SKU0046,Decor,Wall Art,2025-12-22,2025-12-29,2,50.909580000064324,36.79660531646054,62.21815356627074,79,336.67571428571426,170.54,352.31
SKU0046,Decor,Wall Art,2025-12-22,2026-01-05,3,50.136653479366956,36.123479041060705,62.13620448269225,50,336.67571428571426,170.54,352.31
SKU0046,Decor,Wall Art,2025-12-22,2026-01-12,4,38.48995852145652,24.246174540445267,49.87058872052556,21,336.67571428571426,170.54,352.31
SKU0046,Decor,Wall Art,2025-12-22,2026-01-19,5,38.111178087223124,23.663182138421814,50.22450541066351,37,336.67571428571426,170.54,352.31
SKU0046,Decor,Wall Art,2025-12-22,2026-01-26,6,38.67086301681984,24.556666874310782,52.215940519151374,26,336.67571428571426,170.54,352.31
SKU0046,Decor,Wall Art,2025-12-22,2026-02-02,7,39.85077159790713,25.636784422260494,53.68744514373892,33,336.67571428571426,170.54,352.31
SKU0046,Decor,Wall Art,2025-12-22,2026-02-09,8,42.48208150835511,28.87989030363201,56.42203157805582,40,336.67571428571426,170.54,352.31
SKU0047,Small Appliances,Kettles,2025-12-22,2025-12-22,1,121.15000222090728,106.27547832770853,132.53981577867282,129,4649.307142857143,2088.09,4948.57
SKU0047,Small Appliances,Kettles,2025-12-22,2025-12-29,2,105.40640298152798,91.2934282979242,116.7149765477344,170,4649.307142857143,2088.09,4948.57
SKU0047,Small Appliances,Kettles,2025-12-22,2026-01-05,3,90.9458976146899,76.93272317638365,102.94544861801519,87,4649.307142857143,2088.09,4948.57
SKU0047,Small Appliances,Kettles,2025-12-22,2026-01-12,4,87.2248030516236,72.98101907061235,98.60543325069264,93,4649.307142857143,2088.09,4948.57
SKU0047,Small Appliances,Kettles,2025-12-22,2026-01-19,5,98.96231110351029,84.51431515470898,111.07563842695068,113,4649.307142857143,2088.09,4948.57
SKU0047,Small Appliances,Kettles,2025-12-22,2026-01-26,6,85.09954439228463,70.98534824977557,98.64462189461617,86,4649.307142857143,2088.09,4948.57
SKU0047,Small Appliances,Kettles,2025-12-22,2026-02-02,7,84.32865513162798,70.11466795598135,98.16532867745977,88,4649.307142857143,2088.09,4948.57
SKU0047,Small Appliances,Kettles,2025-12-22,2026-02-09,8,84.32865513162798,70.72646392690488,98.2686052013287,87,4649.307142857143,2088.09,4948.57
SKU0048,Kitchen,Cookware,2025-12-22,2025-12-22,1,31.74685796679502,16.872334073596264,43.13667152456055,44,1482.07,784.02,1582.21
SKU0048,Kitchen,Cookware,2025-12-22,2025-12-29,2,23.80380736334892,9.690832679745135,35.11238092955534,62,1482.07,784.02,1582.21
SKU0048,Kitchen,Cookware,2025-12-22,2026-01-05,3,23.881448355657774,9.86827391735152,35.88099935898307,37,1482.07,784.02,1582.21
SKU0048,Kitchen,Cookware,2025-12-22,2026-01-12,4,22.71253867816676,8.468754697155504,34.0931688772358,25,1482.07,784.02,1582.21
SKU0048,Kitchen,Cookware,2025-12-22,2026-01-19,5,24.714436424597054,10.266440475795743,36.82776374803744,32,1482.07,784.02,1582.21
SKU0048,Kitchen,Cookware,2025-12-22,2026-01-26,6,25.567573324948842,11.453377182439787,39.11265082728038,30,1482.07,784.02,1582.21
SKU0048,Kitchen,Cookware,2025-12-22,2026-02-02,7,26.786961411738382,12.572974236091742,40.62363495757017,35,1482.07,784.02,1582.21
SKU0048,Kitchen,Cookware,2025-12-22,2026-02-09,8,27.003065162725832,13.400873958002734,40.943015232426546,31,1482.07,784.02,1582.21
SKU0049,Furnishings,Rugs,2025-12-22,2025-12-22,1,58.69942963541487,43.82490574221612,70.08924319318041,53,3582.075714285714,2345.23,3746.57
SKU0049,Furnishings,Rugs,2025-12-22,2025-12-29,2,49.19946320398579,35.086488520382005,60.50803677019222,75,3582.075714285714,2345.23,3746.57
SKU0049,Furnishings,Rugs,2025-12-22,2026-01-05,3,47.03090503340858,33.01773059510232,59.030456036733874,47,3582.075714285714,2345.23,3746.57
SKU0049,Furnishings,Rugs,2025-12-22,2026-01-12,4,44.17121514233334,29.927431161322083,55.551845341402384,45,3582.075714285714,2345.23,3746.57
SKU0049,Furnishings,Rugs,2025-12-22,2026-01-19,5,41.436163265201884,26.988167316400574,53.54949058864227,44,3582.075714285714,2345.23,3746.57
SKU0049,Furnishings,Rugs,2025-12-22,2026-01-26,6,42.06639086172787,27.952194719218813,55.611468364059405,39,3582.075714285714,2345.23,3746.57
SKU0049,Furnishings,Rugs,2025-12-22,2026-02-02,7,45.91678252311416,31.702795347467518,59.753456068945944,48,3582.075714285714,2345.23,3746.57
SKU0049,Furnishings,Rugs,2025-12-22,2026-02-09,8,48.80528234066103,35.20309113593793,62.74523241036174,51,3582.075714285714,2345.23,3746.57
SKU0050,Decor,Vases,2025-12-22,2025-12-22,1,52.310513437940784,37.43598954474203,63.70032699570631,54,5649.267142857143,2481.55,6129.46
SKU0050,Decor,Vases,2025-12-22,2025-12-29,2,46.03929905887803,31.926324375274245,57.34787262508445,69,5649.267142857143,2481.55,6129.46
SKU0050,Decor,Vases,2025-12-22,2026-01-05,3,43.403921636587604,29.39074719828135,55.4034726399129,40,5649.267142857143,2481.55,6129.46
SKU0050,Decor,Vases,2025-12-22,2026-01-12,4,38.65829706899518,24.414513087983927,50.03892726806423,38,5649.267142857143,2481.55,6129.46
SKU0050,Decor,Vases,2025-12-22,2026-01-19,5,34.0409248578219,19.59292890902059,46.15425218126229,34,5649.267142857143,2481.55,6129.46
SKU0050,Decor,Vases,2025-12-22,2026-01-26,6,33.88002784006534,19.765831697556283,47.425105342396876,30,5649.267142857143,2481.55,6129.46
SKU0050,Decor,Vases,2025-12-22,2026-02-02,7,34.9144633654428,20.70047618979616,48.751136911274585,32,5649.267142857143,2481.55,6129.46
SKU0050,Decor,Vases,2025-12-22,2026-02-09,8,37.517899089610985,23.915707884887887,51.45784915931169,39,5649.267142857143,2481.55,6129.46
SKU0051,Small Appliances,Lamps,2025-12-22,2025-12-22,1,6.507686660344993,0.0,17.897500218110522,10,4310.105714285714,2242.14,4535.02
SKU0051,Small Appliances,Lamps,2025-12-22,2025-12-29,2,4.71191017166004,0.0,16.020483737866464,5,4310.105714285714,2242.14,4535.02
SKU0051,Small Appliances,Lamps,2025-12-22,2026-01-05,3,4.153806242400649,0.0,16.153357245725942,8,4310.105714285714,2242.14,4535.02
SKU0051,Small Appliances,Lamps,2025-12-22,2026-01-12,4,4.554740736102542,0.0,15.935370935171584,6,4310.105714285714,2242.14,4535.02
SKU0051,Small Appliances,Lamps,2025-12-22,2026-01-19,5,4.056553027617581,0.0,16.16988035105797,8,4310.105714285714,2242.14,4535.02
SKU0051,Small Appliances,Lamps,2025-12-22,2026-01-26,6,4.056496117320101,0.0,17.601573619651642,3,4310.105714285714,2242.14,4535.02
SKU0051,Small Appliances,Lamps,2025-12-22,2026-02-02,7,3.950442506446815,0.0,17.787116052278602,4,4310.105714285714,2242.14,4535.02
SKU0051,Small Appliances,Lamps,2025-12-22,2026-02-09,8,4.2196606494788895,0.0,18.1596107191796,7,4310.105714285714,2242.14,4535.02
SKU0052,Kitchen,Tableware,2025-12-22,2025-12-22,1,69.47763272484002,54.603108831641265,80.86744628260556,64,3807.218571428571,1948.27,4274.49
SKU0052,Kitchen,Tableware,2025-12-22,2025-12-29,2,61.73634007515309,47.6233653915493,73.04491364135951,99,3807.218571428571,1948.27,4274.49
SKU0052,Kitchen,Tableware,2025-12-22,2026-01-05,3,60.991804029754284,46.978629591448026,72.99135503307957,72,3807.218571428571,1948.27,4274.49
SKU0052,Kitchen,Tableware,2025-12-22,2026-01-12,4,54.071159549528595,39.82737556851734,65.45178974859763,46,3807.218571428571,1948.27,4274.49
SKU0052,Kitchen,Tableware,2025-12-22,2026-01-19,5,55.14929089457475,40.70129494577344,67.26261821801513,50,3807.218571428571,1948.27,4274.49
SKU0052,Kitchen,Tableware,2025-12-22,2026-01-26,6,61.3515396035413,47.23734346103224,74.89661710587283,68,3807.218571428571,1948.27,4274.49
SKU0052,Kitchen,Tableware,2025-12-22,2026-02-02,7,62.153456089438535,47.9394689137919,75.99012963527032,61,3807.218571428571,1948.27,4274.49
SKU0052,Kitchen,Tableware,2025-12-22,2026-02-09,8,61.57858816470499,47.97639695998189,75.5185382344057,67,3807.218571428571,1948.27,4274.49
SKU0053,Furnishings,Rugs,2025-12-22,2025-12-22,1,21.887260967561264,7.01273707436251,33.277074525326796,29,3092.492857142857,1887.23,3236.51
SKU0053,Furnishings,Rugs,2025-12-22,2025-12-29,2,15.294236289269865,1.18126160566608,26.602809855476288,42,3092.492857142857,1887.23,3236.51
SKU0053,Furnishings,Rugs,2025-12-22,2026-01-05,3,13.723467060068142,0.0,25.723018063393436,23,3092.492857142857,1887.23,3236.51
SKU0053,Furnishings,Rugs,2025-12-22,2026-01-12,4,11.573657069346135,0.0,22.95428726841518,15,3092.492857142857,1887.23,3236.51
SKU0053,Furnishings,Rugs,2025-12-22,2026-01-19,5,11.046567239133756,0.0,23.159894562574145,11,3092.492857142857,1887.23,3236.51
SKU0053,Furnishings,Rugs,2025-12-22,2026-01-26,6,10.180984919324786,0.0,23.726062421656327,16,3092.492857142857,1887.23,3236.51
SKU0053,Furnishings,Rugs,2025-12-22,2026-02-02,7,9.311270617629928,0.0,23.147944163461716,5,3092.492857142857,1887.23,3236.51
SKU0053,Furnishings,Rugs,2025-12-22,2026-02-09,8,9.646925277314018,0.0,23.58687534701473,9,3092.492857142857,1887.23,3236.51
SKU0054,Decor,Candles,2025-12-22,2025-12-22,1,404.2476009391272,389.3730770459285,415.63741449689275,368,973.6514285714284,663.15,1026.1
SKU0054,Decor,Candles,2025-12-22,2025-12-29,2,426.06600384933614,411.95302916573235,437.37457741554255,449,973.6514285714284,663.15,1026.1
SKU0054,Decor,Candles,2025-12-22,2026-01-05,3,352.3557084531906,338.34253401488434,364.35525945651585,321,973.6514285714284,663.15,1026.1
SKU0054,Decor,Candles,2025-12-22,2026-01-12,4,354.81086916571473,340.5670851847035,366.1914993647838,313,973.6514285714284,663.15,1026.1
SKU0054,Decor,Candles,2025-12-22,2026-01-19,5,352.93402977307636,338.48603382427507,365.04735709651675,337,973.6514285714284,663.15,1026.1
SKU0054,Decor,Candles,2025-12-22,2026-01-26,6,310.6181159306938,296.50391978818476,324.16319343302536,296,973.6514285714284,663.15,1026.1
SKU0054,Decor,Candles,2025-12-22,2026-02-02,7,357.85243772125597,343.6384505456093,371.68911126708775,355,973.6514285714284,663.15,1026.1
SKU0054,Decor,Candles,2025-12-22,2026-02-09,8,435.39855592853013,421.796364723807,449.33850599823086,387,973.6514285714284,663.15,1026.1
SKU0055,Small Appliances,Lamps,2025-12-22,2025-12-22,1,37.497556988358596,22.62303309515984,48.887370546124124,42,1017.004285714286,513.83,1088.94
SKU0055,Small Appliances,Lamps,2025-12-22,2025-12-29,2,31.607652149219543,17.49467746561576,42.916225715425966,48,1017.004285714286,513.83,1088.94
SKU0055,Small Appliances,Lamps,2025-12-22,2026-01-05,3,27.46399981339232,13.450825375086065,39.463550816717614,33,1017.004285714286,513.83,1088.94
SKU0055,Small Appliances,Lamps,2025-12-22,2026-01-12,4,24.86803708193973,10.624253100928474,36.24866728100877,27,1017.004285714286,513.83,1088.94
SKU0055,Small Appliances,Lamps,2025-12-22,2026-01-19,5,23.781123093564617,9.333127144763306,35.894450417005004,35,1017.004285714286,513.83,1088.94
SKU0055,Small Appliances,Lamps,2025-12-22,2026-01-26,6,20.606636914741337,6.492440772232282,34.15171441707288,15,1017.004285714286,513.83,1088.94
SKU0055,Small Appliances,Lamps,2025-12-22,2026-02-02,7,18.5219731597425,4.307985984095861,32.35864670557429,16,1017.004285714286,513.83,1088.94
SKU0055,Small Appliances,Lamps,2025-12-22,2026-02-09,8,18.049471211545026,4.447280006821927,31.989421281245736,18,1017.004285714286,513.83,1088.94
SKU0056,Kitchen,Cookware,2025-12-22,2025-12-22,1,20.95870387761798,6.084179984419228,32.34851743538351,24,916.8685714285714,555.37,984.33
SKU0056,Kitchen,Cookware,2025-12-22,2025-12-29,2,15.135566966329842,1.0225922827260572,26.444140532536267,39,916.8685714285714,555.37,984.33
SKU0056,Kitchen,Cookware,2025-12-22,2026-01-05,3,12.985306529229836,0.0,24.984857532555132,15,916.8685714285714,555.37,984.33
SKU0056,Kitchen,Cookware,2025-12-22,2026-01-12,4,12.046134561862376,0.0,23.42676476093142,16,916.8685714285714,555.37,984.33
SKU0056,Kitchen,Cookware,2025-12-22,2026-01-19,5,10.994995252548776,0.0,23.108322575989163,7,916.8685714285714,555.37,984.33
SKU0056,Kitchen,Cookware,2025-12-22,2026-01-26,6,10.512434012046995,0.0,24.057511514378536,10,916.8685714285714,555.37,984.33
SKU0056,Kitchen,Cookware,2025-12-22,2026-02-02,7,10.615047418518488,0.0,24.451720964350276,13,916.8685714285714,555.37,984.33
SKU0056,Kitchen,Cookware,2025-12-22,2026-02-09,8,10.391387067999252,0.0,24.33133713769996,8,916.8685714285714,555.37,984.33
SKU0057,Furnishings,Cushions,2025-12-22,2025-12-22,1,68.3421646613936,53.46764076819484,79.73197821915912,0,1830.5485714285717,1291.79,2031.57
SKU0057,Furnishings,Cushions,2025-12-22,2025-12-29,2,38.26639338016704,24.153418696563254,49.574966946373465,0,1830.5485714285717,1291.79,2031.57
SKU0057,Furnishings,Cushions,2025-12-22,2026-01-05,3,39.95855807427975,25.945383635973496,51.958109077605044,0,1830.5485714285717,1291.79,2031.57
SKU0057,Furnishings,Cushions,2025-12-22,2026-01-12,4,40.458599123469945,26.21481514245869,51.83922932253898,0,1830.5485714285717,1291.79,2031.57
SKU0057,Furnishings,Cushions,2025-12-22,2026-01-19,5,39.77211283798692,25.324116889185607,51.885440161427304,0,1830.5485714285717,1291.79,2031.57
SKU0057,Furnishings,Cushions,2025-12-22,2026-01-26,6,40.15197869148711,26.037782548978054,53.69705619381865,0,1830.5485714285717,1291.79,2031.57
SKU0057,Furnishings,Cushions,2025-12-22,2026-02-02,7,39.512350373238405,25.298363197591765,53.34902391907019,0,1830.5485714285717,1291.79,2031.57
SKU0057,Furnishings,Cushions,2025-12-22,2026-02-09,8,35.27004985103625,21.66785864631315,49.20999992073696,27,1830.5485714285717,1291.79,2031.57
SKU0058,Decor,Candles,2025-12-22,2025-12-22,1,40.07345054236427,25.198926649165514,51.4632641001298,44,824.8171428571429,399.01,883.09
SKU0058,Decor,Candles,2025-12-22,2025-12-29,2,33.750591690002906,19.637617006399122,45.059165256209326,59,824.8171428571429,399.01,883.09
SKU0058,Decor,Candles,2025-12-22,2026-01-05,3,28.06046736263519,14.047292924328936,40.06001836596049,27,824.8171428571429,399.01,883.09
SKU0058,Decor,Candles,2025-12-22,2026-01-12,4,23.504300607048126,9.260516626036871,34.88493080611717,26,824.8171428571429,399.01,883.09
SKU0058,Decor,Candles,2025-12-22,2026-01-19,5,22.16290854837942,7.71491259957811,34.27623587181981,20,824.8171428571429,399.01,883.09
SKU0058,Decor,Candles,2025-12-22,2026-01-26,6,22.031637856810438,7.917441714301383,35.57671535914198,21,824.8171428571429,399.01,883.09
SKU0058,Decor,Candles,2025-12-22,2026-02-02,7,23.254034575601313,9.040047399954673,37.0907081214331,27,824.8171428571429,399.01,883.09
SKU0058,Decor,Candles,2025-12-22,2026-02-09,8,23.73816261707546,10.135971412352362,37.678112686776174,28,824.8171428571429,399.01,883.09
SKU0059,Small Appliances,Kettles,2025-12-22,2025-12-22,1,15.452235552106828,0.5777116589080737,26.842049109872356,17,2579.0457142857144,1305.32,2914.93
SKU0059,Small Appliances,Kettles,2025-12-22,2025-12-29,2,13.419246542997122,0.0,24.727820109203545,23,2579.0457142857144,1305.32,2914.93
SKU0059,Small Appliances,Kettles,2025-12-22,2026-01-05,3,10.985340480121073,0.0,22.98489148344637,12,2579.0457142857144,1305.32,2914.93
SKU0059,Small Appliances,Kettles,2025-12-22,2026-01-12,4,10.033346252404527,0.0,21.41397645147357,10,2579.0457142857144,1305.32,2914.93
SKU0059,Small Appliances,Kettles,2025-12-22,2026-01-19,5,10.869246789018133,0.0,22.982574112458522,17,2579.0457142857144,1305.32,2914.93
SKU0059,Small Appliances,Kettles,2025-12-22,2026-01-26,6,11.13424346081287,0.0,24.679320963144413,11,2579.0457142857144,1305.32,2914.93
SKU0059,Small Appliances,Kettles,2025-12-22,2026-02-02,7,10.394328835940259,0.0,24.231002381772047,16,2579.0457142857144,1305.32,2914.93
SKU0059,Small Appliances,Kettles,2025-12-22,2026-02-09,8,10.147803102904533,0.0,24.087753172605243,9,2579.0457142857144,1305.32,2914.93
SKU0060,Kitchen,Storage,2025-12-22,2025-12-22,1,11.458810712970356,0.0,22.848624270735883,13,4254.551428571429,2025.98,4575.65
SKU0060,Kitchen,Storage,2025-12-22,2025-12-29,2,9.842279348406596,0.0,21.15085291461302,20,4254.551428571429,2025.98,4575.65
SKU0060,Kitchen,Storage,2025-12-22,2026-01-05,3,8.866351134284256,0.0,20.865902137609552,11,4254.551428571429,2025.98,4575.65
SKU0060,Kitchen,Storage,2025-12-22,2026-01-12,4,7.757872821201528,0.0,19.13850302027057,8,4254.551428571429,2025.98,4575.65
SKU0060,Kitchen,Storage,2025-12-22,2026-01-19,5,7.1563823612660835,0.0,19.269709684706473,8,4254.551428571429,2025.98,4575.65
SKU0060,Kitchen,Storage,2025-12-22,2026-01-26,6,7.446781683942611,0.0,20.99185918627415,7,4254.551428571429,2025.98,4575.65
SKU0060,Kitchen,Storage,2025-12-22,2026-02-02,7,7.888858797599373,0.0,21.725532343431162,10,4254.551428571429,2025.98,4575.65
SKU0060,Kitchen,Storage,2025-12-22,2026-02-09,8,9.098961723059977,0.0,23.038911792760686,14,4254.551428571429,2025.98,4575.65
SKU0061,Furnishings,Cushions,2025-12-22,2025-12-22,1,19.237669529473216,4.363145636274462,30.627483087238744,35,585.7157142857143,397.16,615.0
SKU0061,Furnishings,Cushions,2025-12-22,2025-12-29,2,13.85782039243266,0.0,25.166393958639084,59,585.7157142857143,397.16,615.0
SKU0061,Furnishings,Cushions,2025-12-22,2026-01-05,3,13.098668628519372,0.0,25.098219631844664,33,585.7157142857143,397.16,615.0
SKU0061,Furnishings,Cushions,2025-12-22,2026-01-12,4,9.866781256455935,0.0,21.247411455524976,10,585.7157142857143,397.16,615.0
SKU0061,Furnishings,Cushions,2025-12-22,2026-01-19,5,10.291265611984855,0.0,22.404592935425242,21,585.7157142857143,397.16,615.0
SKU0061,Furnishings,Cushions,2025-12-22,2026-01-26,6,10.328766309472744,0.0,23.873843811804285,15,585.7157142857143,397.16,615.0
SKU0061,Furnishings,Cushions,2025-12-22,2026-02-02,7,9.655203090948648,0.0,23.491876636780436,16,585.7157142857143,397.16,615.0
SKU0061,Furnishings,Cushions,2025-12-22,2026-02-09,8,9.621144552070785,0.0,23.561094621771495,16,585.7157142857143,397.16,615.0
SKU0062,Decor,Candles,2025-12-22,2025-12-22,1,31.721437745775194,16.846913852576442,43.111251303540726,32,1426.1557142857143,808.3,1605.53
SKU0062,Decor,Candles,2025-12-22,2025-12-29,2,29.957455678566788,15.844480994963003,41.26602924477321,56,1426.1557142857143,808.3,1605.53
SKU0062,Decor,Candles,2025-12-22,2026-01-05,3,26.8695014973834,12.856327059077145,38.86905250070869,31,1426.1557142857143,808.3,1605.53
SKU0062,Decor,Candles,2025-12-22,2026-01-12,4,18.26102324916643,4.017239268155176,29.641653448235473,14,1426.1557142857143,808.3,1605.53
SKU0062,Decor,Candles,2025-12-22,2026-01-19,5,17.46592553473912,3.017929585937811,29.579252858179508,12,1426.1557142857143,808.3,1605.53
SKU0062,Decor,Candles,2025-12-22,2026-01-26,6,18.998389402791272,4.884193260282217,32.54346690512281,23,1426.1557142857143,808.3,1605.53
SKU0062,Decor,Candles,2025-12-22,2026-02-02,7,17.702954677733,3.4889675020863606,31.53962822356479,15,1426.1557142857143,808.3,1605.53
SKU0062,Decor,Candles,2025-12-22,2026-02-09,8,17.915431347723615,4.313240143000517,31.855381417424326,16,1426.1557142857143,808.3,1605.53
SKU0063,Small Appliances,Blenders,2025-12-22,2025-12-22,1,63.19498101276894,48.320457119570186,74.58479457053447,69,3872.7957142857135,2392.61,4172.08
SKU0063,Small Appliances,Blenders,2025-12-22,2025-12-29,2,50.06056680159659,35.94759211799281,61.36914036780301,87,3872.7957142857135,2392.61,4172.08
SKU0063,Small Appliances,Blenders,2025-12-22,2026-01-05,3,49.57760266734329,35.564428229037034,61.57715367066859,68,3872.7957142857135,2392.61,4172.08
SKU0063,Small Appliances,Blenders,2025-12-22,2026-01-12,4,45.71033020870919,31.466546227697933,57.090960407778226,52,3872.7957142857135,2392.61,4172.08
SKU0063,Small Appliances,Blenders,2025-12-22,2026-01-19,5,40.643396763497755,26.195400814696445,52.75672408693814,43,3872.7957142857135,2392.61,4172.08
SKU0063,Small Appliances,Blenders,2025-12-22,2026-01-26,6,42.80507882663739,28.690882684128336,56.350156328968936,47,3872.7957142857135,2392.61,4172.08
SKU0063,Small Appliances,Blenders,2025-12-22,2026-02-02,7,42.19381216670107,27.979824991054432,56.03048571253286,48,3872.7957142857135,2392.61,4172.08
SKU0063,Small Appliances,Blenders,2025-12-22,2026-02-09,8,37.69548033130692,24.09328912658382,51.635430401007625,38,3872.7957142857135,2392.61,4172.08
SKU0064,Kitchen,Storage,2025-12-22,2025-12-22,1,28.489093217842886,13.614569324644131,39.878906775608414,31,2802.2200000000003,1423.58,3076.03
SKU0064,Kitchen,Storage,2025-12-22,2025-12-29,2,23.780577635700794,9.66760295209701,35.089151201907214,29,2802.2200000000003,1423.58,3076.03
SKU0064,Kitchen,Storage,2025-12-22,2026-01-05,3,20.51057061546493,6.497396177158674,32.51012161879022,23,2802.2200000000003,1423.58,3076.03
SKU0064,Kitchen,Storage,2025-12-22,2026-01-12,4,17.6279871935601,3.3842032125488437,29.00861739262914,14,2802.2200000000003,1423.58,3076.03
SKU0064,Kitchen,Storage,2025-12-22,2026-01-19,5,15.383774812223177,0.9357788634218664,27.497102135663567,17,2802.2200000000003,1423.58,3076.03
SKU0064,Kitchen,Storage,2025-12-22,2026-01-26,6,15.222616808510233,1.1084206660011784,28.767694310841776,12,2802.2200000000003,1423.58,3076.03
SKU0064,Kitchen,Storage,2025-12-22,2026-02-02,7,15.344471112656054,1.130483937009414,29.181144658487842,14,2802.2200000000003,1423.58,3076.03
SKU0064,Kitchen,Storage,2025-12-22,2026-02-09,8,15.175865799553677,1.5736745948305781,29.115815869254387,15,2802.2200000000003,1423.58,3076.03
SKU0065,Furnishings,Rugs,2025-12-22,2025-12-22,1,132.91819216594072,118.04366827274197,144.30800572370626,165,2584.2971428571427,1094.26,2800.73
SKU0065,Furnishings,Rugs,2025-12-22,2025-12-29,2,89.36395666963864,75.25098198603486,100.67253023584506,181,2584.2971428571427,1094.26,2800.73
SKU0065,Furnishings,Rugs,2025-12-22,2026-01-05,3,85.96727657855033,71.95410214024407,97.96682758187562,119,2584.2971428571427,1094.26,2800.73
SKU0065,Furnishings,Rugs,2025-12-22,2026-01-12,4,77.46019265413278,63.21640867312153,88.84082285320183,89,2584.2971428571427,1094.26,2800.73
SKU0065,Furnishings,Rugs,2025-12-22,2026-01-19,5,72.49018722976112,58.04219128095981,84.6035145532015,82,2584.2971428571427,1094.26,2800.73
SKU0065,Furnishings,Rugs,2025-12-22,2026-01-26,6,69.29294119417402,55.17874505166496,82.83801869650556,74,2584.2971428571427,1094.26,2800.73
SKU0065,Furnishings,Rugs,2025-12-22,2026-02-02,7,70.50752933527362,56.29354215962698,84.3442028811054,78,2584.2971428571427,1094.26,2800.73
SKU0065,Furnishings,Rugs,2025-12-22,2026-02-09,8,73.51972875320224,59.917537548479146,87.45967882290296,81,2584.2971428571427,1094.26,2800.73
SKU0066,Decor,Candles,2025-12-22,2025-12-22,1,41.1447981698229,26.270274276624143,52.53461172758843,44,4830.879999999999,2337.92,5529.73
SKU0066,Decor,Candles,2025-12-22,2025-12-29,2,39.71307141276976,25.600096729165973,51.021644978976184,74,4830.879999999999,2337.92,5529.73
SKU0066,Decor,Candles,2025-12-22,2026-01-05,3,38.00830844228681,23.995134003980557,50.007859445612105,42,4830.879999999999,2337.92,5529.73
SKU0066,Decor,Candles,2025-12-22,2026-01-12,4,34.381570937056665,20.13778695604541,45.76220113612571,39,4830.879999999999,2337.92,5529.73
SKU0066,Decor,Candles,2025-12-22,2026-01-19,5,34.23852362829223,19.790527679490918,46.351850951732615,44,4830.879999999999,2337.92,5529.73
SKU0066,Decor,Candles,2025-12-22,2026-01-26,6,29.550422960580452,15.436226818071397,43.09550046291199,32,4830.879999999999,2337.92,5529.73
SKU0066,Decor,Candles,2025-12-22,2026-02-02,7,29.7158966883854,15.50190951273876,43.552570234217185,35,4830.879999999999,2337.92,5529.73
SKU0066,Decor,Candles,2025-12-22,2026-02-09,8,30.068007191258047,16.46581598653495,44.00795726095876,36,4830.879999999999,2337.92,5529.73
SKU0067,Small Appliances,Blenders,2025-12-22,2025-12-22,1,68.28361542429647,53.409091531097715,79.673428982062,75,179.06,123.17,188.57
SKU0067,Small Appliances,Blenders,2025-12-22,2025-12-29,2,52.435275209739025,38.32230052613524,63.74384877594545,88,179.06,123.17,188.57
SKU0067,Small Appliances,Blenders,2025-12-22,2026-01-05,3,46.75339926913749,32.74022483083124,58.75295027246278,45,179.06,123.17,188.57
SKU0067,Small Appliances,Blenders,2025-12-22,2026-01-12,4,41.62713583344131,27.383351852430053,53.00776603251035,40,179.06,123.17,188.57
SKU0067,Small Appliances,Blenders,2025-12-22,2026-01-19,5,39.15058833760972,24.70259238880841,51.263915661050106,34,179.06,123.17,188.57
SKU0067,Small Appliances,Blenders,2025-12-22,2026-01-26,6,38.53484438189884,24.420648239389788,52.07992188423039,39,179.06,123.17,188.57
SKU0067,Small Appliances,Blenders,2025-12-22,2026-02-02,7,35.538069813793136,21.324082638146496,49.37474335962492,27,179.06,123.17,188.57
SKU0067,Small Appliances,Blenders,2025-12-22,2026-02-09,8,34.506441978872736,20.904250774149638,48.44639204857344,27,179.06,123.17,188.57
SKU0068,Kitchen,Tableware,2025-12-22,2025-12-22,1,43.88270748020699,29.008183587008233,55.27252103797252,49,3129.707142857143,2008.3,3372.27
SKU0068,Kitchen,Tableware,2025-12-22,2025-12-29,2,38.09597011314866,23.982995429544875,49.404543679355086,76,3129.707142857143,2008.3,3372.27
SKU0068,Kitchen,Tableware,2025-12-22,2026-01-05,3,32.73155446887443,18.718380030568174,44.73110547219972,34,3129.707142857143,2008.3,3372.27
SKU0068,Kitchen,Tableware,2025-12-22,2026-01-12,4,30.874782510586567,16.63099852957531,42.25541270965561,43,3129.707142857143,2008.3,3372.27
SKU0068,Kitchen,Tableware,2025-12-22,2026-01-19,5,28.720984541303523,14.272988592502212,40.83431186474391,34,3129.707142857143,2008.3,3372.27
SKU0068,Kitchen,Tableware,2025-12-22,2026-01-26,6,28.892176996572882,14.777980854063827,42.43725449890442,36,3129.707142857143,2008.3,3372.27
SKU0068,Kitchen,Tableware,2025-12-22,2026-02-02,7,27.283640911208433,13.069653735561793,41.12031445704022,28,3129.707142857143,2008.3,3372.27
SKU0068,Kitchen,Tableware,2025-12-22,2026-02-09,8,29.08946479650107,15.48727359177797,43.029414866201776,38,3129.707142857143,2008.3,3372.27
SKU0069,Furnishings,Rugs,2025-12-22,2025-12-22,1,45.72385623516376,30.849332341965003,57.11366979292929,48,4076.971428571429,2179.93,4629.58
SKU0069,Furnishings,Rugs,2025-12-22,2025-12-29,2,38.04805569089457,23.935081007290787,49.35662925710099,50,4076.971428571429,2179.93,4629.58
SKU0069,Furnishings,Rugs,2025-12-22,2026-01-05,3,32.636274705139684,18.62310026683343,44.63582570846498,30,4076.971428571429,2179.93,4629.58
SKU0069,Furnishings,Rugs,2025-12-22,2026-01-12,4,32.16158380105573,17.917799820044472,43.54221400012477,32,4076.971428571429,2179.93,4629.58
SKU0069,Furnishings,Rugs,2025-12-22,2026-01-19,5,34.17296634801128,19.72497039920997,46.286293671451666,37,4076.971428571429,2179.93,4629.58
SKU0069,Furnishings,Rugs,2025-12-22,2026-01-26,6,33.993475483899125,19.87927934139007,47.53855298623067,31,4076.971428571429,2179.93,4629.58
SKU0069,Furnishings,Rugs,2025-12-22,2026-02-02,7,35.37902667229097,21.16503949664433,49.215700218122755,36,4076.971428571429,2179.93,4629.58
SKU0069,Furnishings,Rugs,2025-12-22,2026-02-09,8,36.13821210409895,22.53602089937585,50.078162173799655,33,4076.971428571429,2179.93,4629.58
SKU0070,Decor,Vases,2025-12-22,2025-12-22,1,34.03818328378595,19.163659390587192,45.427996841551476,47,1761.554285714286,1140.95,1883.41
SKU0070,Decor,Vases,2025-12-22,2025-12-29,2,24.73328512856918,10.620310444965394,36.0418586947756,66,1761.554285714286,1140.95,1883.41
SKU0070,Decor,Vases,2025-12-22,2026-01-05,3,24.262652998625807,10.249478560319552,36.262204001951105,36,1761.554285714286,1140.95,1883.41
SKU0070,Decor,Vases,2025-12-22,2026-01-12,4,25.568203260722182,11.324419279710927,36.948833459791224,31,1761.554285714286,1140.95,1883.41
SKU0070,Decor,Vases,2025-12-22,2026-01-19,5,26.413650612330226,11.965654663528916,38.52697793577062,43,1761.554285714286,1140.95,1883.41
SKU0070,Decor,Vases,2025-12-22,2026-01-26,6,27.129683067679508,13.015486925170453,40.674760570011046,35,1761.554285714286,1140.95,1883.41
SKU0070,Decor,Vases,2025-12-22,2026-02-02,7,26.95175042818192,12.73776325253528,40.78842397401371,29,1761.554285714286,1140.95,1883.41
SKU0070,Decor,Vases,2025-12-22,2026-02-09,8,28.256295563767196,14.654104359044098,42.19624563346791,45,1761.554285714286,1140.95,1883.41
SKU0071,Small Appliances,Lamps,2025-12-22,2025-12-22,1,81.87666267056036,67.00213877736161,93.2664762283259,98,1887.6471428571429,1178.43,2000.28
SKU0071,Small Appliances,Lamps,2025-12-22,2025-12-29,2,68.11665690987952,54.00368222627574,79.42523047608594,114,1887.6471428571429,1178.43,2000.28
SKU0071,Small Appliances,Lamps,2025-12-22,2026-01-05,3,63.92242073235552,49.90924629404927,75.92197173568081,82,1887.6471428571429,1178.43,2000.28
SKU0071,Small Appliances,Lamps,2025-12-22,2026-01-12,4,59.44293297236412,45.199148991352864,70.82356317143316,63,1887.6471428571429,1178.43,2000.28
SKU0071,Small Appliances,Lamps,2025-12-22,2026-01-19,5,56.97657525870519,42.528579309903876,69.08990258214558,57,1887.6471428571429,1178.43,2000.28
SKU0071,Small Appliances,Lamps,2025-12-22,2026-01-26,6,64.02084339882687,49.90664725631781,77.5659209011584,86,1887.6471428571429,1178.43,2000.28
SKU0071,Small Appliances,Lamps,2025-12-22,2026-02-02,7,63.11507652315753,48.90108934751089,76.95175006898933,76,1887.6471428571429,1178.43,2000.28
SKU0071,Small Appliances,Lamps,2025-12-22,2026-02-09,8,68.99625858373649,55.39406737901339,82.9362086534372,96,1887.6471428571429,1178.43,2000.28
SKU0072,Kitchen,Tableware,2025-12-22,2025-12-22,1,10.96632517879351,0.0,22.35613873655904,0,4212.11,1885.35,4486.91
SKU0072,Kitchen,Tableware,2025-12-22,2025-12-29,2,6.903914006803137,0.0,18.21248757300956,1,4212.11,1885.35,4486.91
SKU0072,Kitchen,Tableware,2025-12-22,2026-01-05,3,9.623983975095822,0.0,21.623534978421116,15,4212.11,1885.35,4486.91
SKU0072,Kitchen,Tableware,2025-12-22,2026-01-12,4,10.697320123675693,0.0,22.077950322744734,16,4212.11,1885.35,4486.91
SKU0072,Kitchen,Tableware,2025-12-22,2026-01-19,5,10.008327127765625,0.0,22.121654451206012,9,4212.11,1885.35,4486.91
SKU0072,Kitchen,Tableware,2025-12-22,2026-01-26,6,9.329153917444515,0.0,22.874231419776056,11,4212.11,1885.35,4486.91
SKU0072,Kitchen,Tableware,2025-12-22,2026-02-02,7,8.81267056833602,0.0,22.64934411416781,7,4212.11,1885.35,4486.91
SKU0072,Kitchen,Tableware,2025-12-22,2026-02-09,8,7.878374562325058,0.0,21.818324632025767,7,4212.11,1885.35,4486.91
SKU0073,Furnishings,Cushions,2025-12-22,2025-12-22,1,186.49193559112874,171.61741169792998,197.88174914889427,180,2199.322857142857,1518.53,2392.3
SKU0073,Furnishings,Cushions,2025-12-22,2025-12-29,2,160.5013601577228,146.388385474119,171.80993372392922,240,2199.322857142857,1518.53,2392.3
SKU0073,Furnishings,Cushions,2025-12-22,2026-01-05,3,144.8457446907823,130.83257025247605,156.84529569410762,145,2199.322857142857,1518.53,2392.3
SKU0073,Furnishings,Cushions,2025-12-22,2026-01-12,4,112.16910977650595,97.9253257954947,123.549739975575,94,2199.322857142857,1518.53,2392.3
SKU0073,Furnishings,Cushions,2025-12-22,2026-01-19,5,109.97319191567146,95.52519596687016,122.08651923911185,97,2199.322857142857,1518.53,2392.3
SKU0073,Furnishings,Cushions,2025-12-22,2026-01-26,6,120.16259145505104,106.04839531254198,133.7076689573826,112,2199.322857142857,1518.53,2392.3
SKU0073,Furnishings,Cushions,2025-12-22,2026-02-02,7,109.80859301949917,95.59460584385253,123.64526656533096,96,2199.322857142857,1518.53,2392.3
SKU0073,Furnishings,Cushions,2025-12-22,2026-02-09,8,106.73972893882595,93.13753773410285,120.67967900852666,88,2199.322857142857,1518.53,2392.3
SKU0074,Decor,Candles,2025-12-22,2025-12-22,1,191.38835106274024,176.51382716954149,202.77816462050578,231,1024.7942857142857,428.17,1072.64
SKU0074,Decor,Candles,2025-12-22,2025-12-29,2,162.69572889834947,148.58275421474568,174.0043024645559,324,1024.7942857142857,428.17,1072.64
SKU0074,Decor,Candles,2025-12-22,2026-01-05,3,137.01686415206683,123.00368971376058,149.0164151553921,222,1024.7942857142857,428.17,1072.64
SKU0074,Decor,Candles,2025-12-22,2026-01-12,4,125.99239964515797,111.74861566414671,137.373029844227,148,1024.7942857142857,428.17,1072.64
SKU0074,Decor,Candles,2025-12-22,2026-01-19,5,127.44236978318774,112.99437383438644,139.55569710662814,154,1024.7942857142857,428.17,1072.64
SKU0074,Decor,Candles,2025-12-22,2026-01-26,6,127.76618152985179,113.65198538734273,141.31125903218333,181,1024.7942857142857,428.17,1072.64
SKU0074,Decor,Candles,2025-12-22,2026-02-02,7,129.7640532105641,115.55006603491746,143.6007267563959,156,1024.7942857142857,428.17,1072.64
SKU0074,Decor,Candles,2025-12-22,2026-02-09,8,128.78533526455286,115.18314405982976,142.72528533425356,176,1024.7942857142857,428.17,1072.64
SKU0075,Small Appliances,Kettles,2025-12-22,2025-12-22,1,25.10910130951552,10.234577416316766,36.498914867281044,26,1105.9328571428573,769.02,1218.39
SKU0075,Small Appliances,Kettles,2025-12-22,2025-12-29,2,21.3672174798744,7.254242796270617,32.675791046080825,32,1105.9328571428573,769.02,1218.39
SKU0075,Small Appliances,Kettles,2025-12-22,2026-01-05,3,16.34893917680253,2.3357647384962767,28.348490180127826,18,1105.9328571428573,769.02,1218.39
SKU0075,Small Appliances,Kettles,2025-12-22,2026-01-12,4,12.45632386853348,0.0,23.83695406760252,7,1105.9328571428573,769.02,1218.39
SKU0075,Small Appliances,Kettles,2025-12-22,2026-01-19,5,14.231075677698044,0.0,26.34440300113843,10,1105.9328571428573,769.02,1218.39
SKU0075,Small Appliances,Kettles,2025-12-22,2026-01-26,6,19.192668567262057,5.078472424753002,32.7377460695936,24,1105.9328571428573,769.02,1218.39
SKU0075,Small Appliances,Kettles,2025-12-22,2026-02-02,7,18.31510029458567,4.101113118939029,32.151773840417455,19,1105.9328571428573,769.02,1218.39
SKU0075,Small Appliances,Kettles,2025-12-22,2026-02-09,8,17.056614428358866,3.454423223635768,30.996564498059577,17,1105.9328571428573,769.02,1218.39
SKU0076,Kitchen,Cookware,2025-12-22,2025-12-22,1,38.76765679513975,23.893132901940994,50.15747035290528,43,306.8257142857143,214.06,344.54
SKU0076,Kitchen,Cookware,2025-12-22,2025-12-29,2,35.10331772569166,20.990343042087876,46.41189129189809,59,306.8257142857143,214.06,344.54
SKU0076,Kitchen,Cookware,2025-12-22,2026-01-05,3,34.35613882457129,20.342964386265034,46.35568982789658,38,306.8257142857143,214.06,344.54
SKU0076,Kitchen,Cookware,2025-12-22,2026-01-12,4,25.887318562711478,11.643534581700223,37.26794876178052,21,306.8257142857143,214.06,344.54
SKU0076,Kitchen,Cookware,2025-12-22,2026-01-19,5,29.12039211137336,14.67239616257205,41.23371943481375,37,306.8257142857143,214.06,344.54
SKU0076,Kitchen,Cookware,2025-12-22,2026-01-26,6,27.250838782319676,13.13664263981062,40.79591628465121,28,306.8257142857143,214.06,344.54
SKU0076,Kitchen,Cookware,2025-12-22,2026-02-02,7,27.356619609148748,13.142632433502108,41.19329315498054,25,306.8257142857143,214.06,344.54
SKU0076,Kitchen,Cookware,2025-12-22,2026-02-09,8,28.84762776940805,15.245436564684951,42.787577839108764,35,306.8257142857143,214.06,344.54
SKU0077,Furnishings,Throws,2025-12-22,2025-12-22,1,87.62367014674892,72.74914625355017,99.01348370451444,111,3066.497142857143,1727.33,3234.18
SKU0077,Furnishings,Throws,2025-12-22,2025-12-29,2,50.14370361952974,36.03072893592595,61.452277185736165,169,3066.497142857143,1727.33,3234.18
SKU0077,Furnishings,Throws,2025-12-22,2026-01-05,3,51.3123930476388,37.29921860933254,63.311944050964094,122,3066.497142857143,1727.33,3234.18
SKU0077,Furnishings,Throws,2025-12-22,2026-01-12,4,50.96832980170045,36.724545820689194,62.348960000769495,66,3066.497142857143,1727.33,3234.18
SKU0077,Furnishings,Throws,2025-12-22,2026-01-19,5,46.794305705885236,32.34630975708393,58.90763302932562,61,3066.497142857143,1727.33,3234.18
SKU0077,Furnishings,Throws,2025-12-22,2026-01-26,6,45.059012021255576,30.94481587874652,58.60408952358712,56,3066.497142857143,1727.33,3234.18
SKU0077,Furnishings,Throws,2025-12-22,2026-02-02,7,43.619923628636535,29.405936452989895,57.45659717446832,50,3066.497142857143,1727.33,3234.18
SKU0077,Furnishings,Throws,2025-12-22,2026-02-09,8,41.02449348901205,27.422302284288953,54.96444355871276,43,3066.497142857143,1727.33,3234.18
SKU0078,Decor,Wall Art,2025-12-22,2025-12-22,1,9.60350511554712,0.0,20.99331867331265,8,4997.765714285714,2197.51,5320.96
SKU0078,Decor,Wall Art,2025-12-22,2025-12-29,2,6.996592122697421,0.0,18.305165688903845,8,4997.765714285714,2197.51,5320.96
SKU0078,Decor,Wall Art,2025-12-22,2026-01-05,3,6.42865853423045,0.0,18.428209537555745,4,4997.765714285714,2197.51,5320.96
SKU0078,Decor,Wall Art,2025-12-22,2026-01-12,4,5.935202142717039,0.0,17.31583234178608,2,4997.765714285714,2197.51,5320.96
SKU0078,Decor,Wall Art,2025-12-22,2026-01-19,5,5.8423244928859885,0.0,17.955651816326377,2,4997.765714285714,2197.51,5320.96
SKU0078,Decor,Wall Art,2025-12-22,2026-01-26,6,5.953689066933791,0.0,19.49876656926533,1,4997.765714285714,2197.51,5320.96
SKU0078,Decor,Wall Art,2025-12-22,2026-02-02,7,6.019097634010847,0.0,19.855771179842634,1,4997.765714285714,2197.51,5320.96
SKU0078,Decor,Wall Art,2025-12-22,2026-02-09,8,5.957890087165951,0.0,19.89784015686666,2,4997.765714285714,2197.51,5320.96
SKU0079,Small Appliances,Blenders,2025-12-22,2025-12-22,1,104.30432041480344,89.42979652160469,115.69413397256898,107,1034.561428571429,652.92,1109.48
SKU0079,Small Appliances,Blenders,2025-12-22,2025-12-29,2,56.057798543852584,41.9448238602488,67.366372110059,158,1034.561428571429,652.92,1109.48
SKU0079,Small Appliances,Blenders,2025-12-22,2026-01-05,3,55.19867495043671,41.18550051213046,67.198225953762,66,1034.561428571429,652.92,1109.48
SKU0079,Small Appliances,Blenders,2025-12-22,2026-01-12,4,46.82549626911944,32.581712288108186,58.20612646818849,50,1034.561428571429,652.92,1109.48
SKU0079,Small Appliances,Blenders,2025-12-22,2026-01-19,5,43.956282686115294,29.508286737313984,56.06961000955568,33,1034.561428571429,652.92,1109.48
SKU0079,Small Appliances,Blenders,2025-12-22,2026-01-26,6,47.783912871814145,33.669716729305094,61.32899037414569,57,1034.561428571429,652.92,1109.48
SKU0079,Small Appliances,Blenders,2025-12-22,2026-02-02,7,47.459866460737295,33.24587928509065,61.29654000656908,54,1034.561428571429,652.92,1109.48
SKU0079,Small Appliances,Blenders,2025-12-22,2026-02-09,8,47.457367792187625,33.85517658746453,61.39731786188834,50,1034.561428571429,652.92,1109.48
SKU0080,Kitchen,Cookware,2025-12-22,2025-12-22,1,34.4181173424785,19.543593449279747,45.80793090024403,32,1466.4585714285713,1087.36,1586.57
SKU0080,Kitchen,Cookware,2025-12-22,2025-12-29,2,27.908515658260598,13.795540974656813,39.21708922446702,51,1466.4585714285713,1087.36,1586.57
SKU0080,Kitchen,Cookware,2025-12-22,2026-01-05,3,25.44950604447638,11.436331606170125,37.44905704780167,25,1466.4585714285713,1087.36,1586.57
SKU0080,Kitchen,Cookware,2025-12-22,2026-01-12,4,22.99981499235912,8.756031011347865,34.380445191428166,27,1466.4585714285713,1087.36,1586.57
SKU0080,Kitchen,Cookware,2025-12-22,2026-01-19,5,24.522152650314286,10.074156701512976,36.63547997375468,29,1466.4585714285713,1087.36,1586.57
SKU0080,Kitchen,Cookware,2025-12-22,2026-01-26,6,19.6584540979466,5.544257955437544,33.20353160027814,19,1466.4585714285713,1087.36,1586.57
SKU0080,Kitchen,Cookware,2025-12-22,2026-02-02,7,18.793889571332244,4.579902395685604,32.63056311716403,12,1466.4585714285713,1087.36,1586.57
SKU0080,Kitchen,Cookware,2025-12-22,2026-02-09,8,20.426178201736107,6.823986997013009,34.36612827143682,23,1466.4585714285713,1087.36,1586.57
SKU0081,Furnishings,Rugs,2025-12-22,2025-12-22,1,60.413981152776216,45.53945725957746,71.80379471054175,63,742.5500000000001,326.05,782.57
SKU0081,Furnishings,Rugs,2025-12-22,2025-12-29,2,45.20400904080217,31.091034357198385,56.512582607008596,101,742.5500000000001,326.05,782.57
SKU0081,Furnishings,Rugs,2025-12-22,2026-01-05,3,39.970906897027916,25.95773245872166,51.97045790035321,45,742.5500000000001,326.05,782.57
SKU0081,Furnishings,Rugs,2025-12-22,2026-01-12,4,32.037595161944125,17.79381118093287,43.41822536101317,29,742.5500000000001,326.05,782.57
SKU0081,Furnishings,Rugs,2025-12-22,2026-01-19,5,33.01610400739532,18.56810805859401,45.12943133083571,44,742.5500000000001,326.05,782.57
SKU0081,Furnishings,Rugs,2025-12-22,2026-01-26,6,32.12812897119326,18.013932828684208,45.6732064735248,42,742.5500000000001,326.05,782.57
SKU0081,Furnishings,Rugs,2025-12-22,2026-02-02,7,29.649072406885175,15.435085231238535,43.48574595271696,25,742.5500000000001,326.05,782.57
SKU0081,Furnishings,Rugs,2025-12-22,2026-02-09,8,30.637594389227697,17.0354031845046,44.57754445892841,32,742.5500000000001,326.05,782.57
SKU0082,Decor,Vases,2025-12-22,2025-12-22,1,556.2990958540728,541.424571960874,567.6889094118383,524,690.9985714285715,319.85,771.57
SKU0082,Decor,Vases,2025-12-22,2025-12-29,2,569.6650565997877,555.552081916184,580.9736301659941,771,690.9985714285715,319.85,771.57
SKU0082,Decor,Vases,2025-12-22,2026-01-05,3,569.6949887837941,555.6818143454879,581.6945397871194,487,690.9985714285715,319.85,771.57
SKU0082,Decor,Vases,2025-12-22,2026-01-12,4,358.9905408875263,344.7467569065151,370.3711710865954,312,690.9985714285715,319.85,771.57
SKU0082,Decor,Vases,2025-12-22,2026-01-19,5,345.8579961720236,331.4100002232223,357.971323495464,362,690.9985714285715,319.85,771.57
SKU0082,Decor,Vases,2025-12-22,2026-01-26,6,343.7064225424862,329.59222639997716,357.25150004481776,304,690.9985714285715,319.85,771.57
SKU0082,Decor,Vases,2025-12-22,2026-02-02,7,336.6033125530016,322.38932537735496,350.4399860988334,320,690.9985714285715,319.85,771.57
SKU0082,Decor,Vases,2025-12-22,2026-02-09,8,336.6033125530016,323.0011213482785,350.54326262270234,311,690.9985714285715,319.85,771.57
SKU0083,Small Appliances,Lamps,2025-12-22,2025-12-22,1,78.07140220952836,63.1968783163296,89.46121576729388,69,5481.591428571429,2450.56,5789.28
SKU0083,Small Appliances,Lamps,2025-12-22,2025-12-29,2,64.17096948858104,50.057994804977255,75.47954305478746,113,5481.591428571429,2450.56,5789.28
SKU0083,Small Appliances,Lamps,2025-12-22,2026-01-05,3,63.15590193632448,49.14272749801823,75.15545293964978,68,5481.591428571429,2450.56,5789.28
SKU0083,Small Appliances,Lamps,2025-12-22,2026-01-12,4,53.10884055720907,38.865056576197816,64.48947075627811,34,5481.591428571429,2450.56,5789.28
SKU0083,Small Appliances,Lamps,2025-12-22,2026-01-19,5,55.57651821966144,41.12852227086013,67.68984554310182,54,5481.591428571429,2450.56,5789.28
SKU0083,Small Appliances,Lamps,2025-12-22,2026-01-26,6,57.15544637402805,43.041250231519,70.7005238763596,53,5481.591428571429,2450.56,5789.28
SKU0083,Small Appliances,Lamps,2025-12-22,2026-02-02,7,58.28012633054932,44.066139154902686,72.11679987638111,53,5481.591428571429,2450.56,5789.28
SKU0083,Small Appliances,Lamps,2025-12-22,2026-02-09,8,59.190431424611454,45.588240219888355,73.13038149431216,58,5481.591428571429,2450.56,5789.28
SKU0084,Kitchen,Storage,2025-12-22,2025-12-22,1,36.51838417881987,21.643860285621116,47.9081977365854,40,2850.8814285714284,1965.17,3068.54
SKU0084,Kitchen,Storage,2025-12-22,2025-12-29,2,31.06594877223298,16.952974088629194,42.374522338439405,39,2850.8814285714284,1965.17,3068.54
SKU0084,Kitchen,Storage,2025-12-22,2026-01-05,3,26.080935527046798,12.067761088740543,38.08048653037209,35,2850.8814285714284,1965.17,3068.54
SKU0084,Kitchen,Storage,2025-12-22,2026-01-12,4,22.126103756403467,7.882319775392212,33.50673395547251,19,2850.8814285714284,1965.17,3068.54
SKU0084,Kitchen,Storage,2025-12-22,2026-01-19,5,20.237833255742697,5.789837306941386,32.35116057918309,19,2850.8814285714284,1965.17,3068.54
SKU0084,Kitchen,Storage,2025-12-22,2026-01-26,6,19.152067216030584,5.037871073521529,32.697144718362125,18,2850.8814285714284,1965.17,3068.54
SKU0084,Kitchen,Storage,2025-12-22,2026-02-02,7,18.111131191007786,3.897144015361146,31.947804736839572,14,2850.8814285714284,1965.17,3068.54
SKU0084,Kitchen,Storage,2025-12-22,2026-02-09,8,18.076070040856646,4.473878836133547,32.016020110557356,17,2850.8814285714284,1965.17,3068.54
SKU0085,Furnishings,Throws,2025-12-22,2025-12-22,1,275.1091526770999,260.2346287839012,286.49896623486546,275,2995.117142857143,1324.42,3217.13
SKU0085,Furnishings,Throws,2025-12-22,2025-12-29,2,315.73623535683333,301.62326067322954,327.04480892303974,460,2995.117142857143,1324.42,3217.13
SKU0085,Furnishings,Throws,2025-12-22,2026-01-05,3,169.01474779669823,155.00157335839197,181.01429880002354,232,2995.117142857143,1324.42,3217.13
SKU0085,Furnishings,Throws,2025-12-22,2026-01-12,4,152.27025377786603,138.02646979685477,163.65088397693506,154,2995.117142857143,1324.42,3217.13
SKU0085,Furnishings,Throws,2025-12-22,2026-01-19,5,148.97148434136017,134.52348839255885,161.08481166480055,180,2995.117142857143,1324.42,3217.13
SKU0085,Furnishings,Throws,2025-12-22,2026-01-26,6,151.86069445608317,137.7464983135741,165.4057719584147,158,2995.117142857143,1324.42,3217.13
SKU0085,Furnishings,Throws,2025-12-22,2026-02-02,7,167.2419731379585,153.02798596231185,181.07864668379028,193,2995.117142857143,1324.42,3217.13
SKU0085,Furnishings,Throws,2025-12-22,2026-02-09,8,170.28602606530174,156.68383486057866,184.22597613500244,196,2995.117142857143,1324.42,3217.13
SKU0086,Decor,Wall Art,2025-12-22,2025-12-22,1,26.20462142298013,11.330097529781375,37.59443498074566,34,2499.3114285714287,1627.74,2799.32
SKU0086,Decor,Wall Art,2025-12-22,2025-12-29,2,20.539840343763352,6.426865660159567,31.848413909969775,54,2499.3114285714287,1627.74,2799.32
SKU0086,Decor,Wall Art,2025-12-22,2026-01-05,3,18.609264543517288,4.596090105211033,30.60881554684258,26,2499.3114285714287,1627.74,2799.32
SKU0086,Decor,Wall Art,2025-12-22,2026-01-12,4,15.908591133944475,1.6648071529332196,27.289221333013515,24,2499.3114285714287,1627.74,2799.32
SKU0086,Decor,Wall Art,2025-12-22,2026-01-19,5,14.164656313553444,0.0,26.27798363699383,16,2499.3114285714287,1627.74,2799.32
SKU0086,Decor,Wall Art,2025-12-22,2026-01-26,6,14.206584056463926,0.09238791395487134,27.75166155879547,19,2499.3114285714287,1627.74,2799.32
SKU0086,Decor,Wall Art,2025-12-22,2026-02-02,7,14.90412746573015,0.6901402900835105,28.74080101156194,20,2499.3114285714287,1627.74,2799.32
SKU0086,Decor,Wall Art,2025-12-22,2026-02-09,8,14.370017171810849,0.7678259670877505,28.309967241511558,20,2499.3114285714287,1627.74,2799.32
SKU0087,Small Appliances,Blenders,2025-12-22,2025-12-22,1,49.022012150352076,34.14748825715332,60.411825708117604,55,2224.6071428571427,1236.46,2349.6
SKU0087,Small Appliances,Blenders,2025-12-22,2025-12-29,2,34.48733654161635,20.374361858012566,45.79591010782278,66,2224.6071428571427,1236.46,2349.6
SKU0087,Small Appliances,Blenders,2025-12-22,2026-01-05,3,34.74795632922749,20.734781890921237,46.747507332552786,43,2224.6071428571427,1236.46,2349.6
SKU0087,Small Appliances,Blenders,2025-12-22,2026-01-12,4,31.985424368209053,17.741640387197798,43.3660545672781,36,2224.6071428571427,1236.46,2349.6
SKU0087,Small Appliances,Blenders,2025-12-22,2026-01-19,5,27.66414994796488,13.21615399916357,39.77747727140527,26,2224.6071428571427,1236.46,2349.6
SKU0087,Small Appliances,Blenders,2025-12-22,2026-01-26,6,29.797755350239097,15.683559207730042,43.34283285257064,33,2224.6071428571427,1236.46,2349.6
SKU0087,Small Appliances,Blenders,2025-12-22,2026-02-02,7,30.25517680648839,16.04118963084175,44.09185035232018,31,2224.6071428571427,1236.46,2349.6
SKU0087,Small Appliances,Blenders,2025-12-22,2026-02-09,8,31.54111149126306,17.93892028653996,45.48106156096377,30,2224.6071428571427,1236.46,2349.6
SKU0088,Kitchen,Storage,2025-12-22,2025-12-22,1,30.896477480558133,16.021953587359377,42.28629103832366,33,1642.9685714285713,966.67,1733.23
SKU0088,Kitchen,Storage,2025-12-22,2025-12-29,2,26.34607680952209,12.233102125918304,37.65465037572851,44,1642.9685714285713,966.67,1733.23
SKU0088,Kitchen,Storage,2025-12-22,2026-01-05,3,24.79076993600204,10.777595497695785,36.79032093932733,29,1642.9685714285713,966.67,1733.23
SKU0088,Kitchen,Storage,2025-12-22,2026-01-12,4,21.20997669918286,6.966192718171605,32.590606898251906,25,1642.9685714285713,966.67,1733.23
SKU0088,Kitchen,Storage,2025-12-22,2026-01-19,5,18.139204851833096,3.691208903031786,30.252532175273487,19,1642.9685714285713,966.67,1733.23
SKU0088,Kitchen,Storage,2025-12-22,2026-01-26,6,19.186001237429796,5.071805094920741,32.73107873976134,19,1642.9685714285713,966.67,1733.23
SKU0088,Kitchen,Storage,2025-12-22,2026-02-02,7,22.9743121150188,8.760324939372161,36.81098566085059,29,1642.9685714285713,966.67,1733.23
SKU0088,Kitchen,Storage,2025-12-22,2026-02-09,8,22.83847343982918,9.236282235106081,36.77842350952989,24,1642.9685714285713,966.67,1733.23
SKU0089,Furnishings,Throws,2025-12-22,2025-12-22,1,25.62946418130803,10.754940288109276,37.01927773907356,38,2788.445714285714,1739.5,3055.0
SKU0089,Furnishings,Throws,2025-12-22,2025-12-29,2,17.675557588511655,3.5625829049078703,28.984131154718078,41,2788.445714285714,1739.5,3055.0
SKU0089,Furnishings,Throws,2025-12-22,2026-01-05,3,15.909639072827762,1.8964646345215073,27.909190076153056,21,2788.445714285714,1739.5,3055.0
SKU0089,Furnishings,Throws,2025-12-22,2026-01-12,4,16.15841917346729,1.9146351924560356,27.539049372536333,27,2788.445714285714,1739.5,3055.0
SKU0089,Furnishings,Throws,2025-12-22,2026-01-19,5,17.45558643883111,3.0075904900297985,29.5689137622715,26,2788.445714285714,1739.5,3055.0
SKU0089,Furnishings,Throws,2025-12-22,2026-01-26,6,18.49217768253199,4.377981540022937,32.03725518486353,31,2788.445714285714,1739.5,3055.0
SKU0089,Furnishings,Throws,2025-12-22,2026-02-02,7,18.808051094369453,4.594063918722814,32.64472464020124,31,2788.445714285714,1739.5,3055.0
SKU0089,Furnishings,Throws,2025-12-22,2026-02-09,8,18.91196291620267,5.30977171147957,32.85191298590338,32,2788.445714285714,1739.5,3055.0
SKU0090,Decor,Wall Art,2025-12-22,2025-12-22,1,36.345276291725945,21.47075239852719,47.73508984949147,31,2063.934285714286,1243.8,2231.42
SKU0090,Decor,Wall Art,2025-12-22,2025-12-29,2,32.20980521070071,18.096830527096923,43.51837877690713,39,2063.934285714286,1243.8,2231.42
SKU0090,Decor,Wall Art,2025-12-22,2026-01-05,3,27.92895005485964,13.915775616553386,39.928501058184935,28,2063.934285714286,1243.8,2231.42
SKU0090,Decor,Wall Art,2025-12-22,2026-01-12,4,26.191752932627583,11.947968951616328,37.572383131696625,20,2063.934285714286,1243.8,2231.42
SKU0090,Decor,Wall Art,2025-12-22,2026-01-19,5,25.4933474229524,11.04535147415109,37.60667474639279,25,2063.934285714286,1243.8,2231.42
SKU0090,Decor,Wall Art,2025-12-22,2026-01-26,6,25.999877656973453,11.885681514464398,39.54495515930499,20,2063.934285714286,1243.8,2231.42
SKU0090,Decor,Wall Art,2025-12-22,2026-02-02,7,28.446181981211776,14.232194805565136,42.282855527043566,26,2063.934285714286,1243.8,2231.42
SKU0090,Decor,Wall Art,2025-12-22,2026-02-09,8,32.187756601369955,18.585565396646857,46.12770667107067,37,2063.934285714286,1243.8,2231.42
SKU0091,Small Appliances,Lamps,2025-12-22,2025-12-22,1,45.47229223850818,30.597768345309426,56.86210579627371,52,4232.668571428571,2133.52,4657.7
SKU0091,Small Appliances,Lamps,2025-12-22,2025-12-29,2,36.77557607033411,22.662601386730326,48.08414963654053,50,4232.668571428571,2133.52,4657.7
SKU0091,Small Appliances,Lamps,2025-12-22,2026-01-05,3,33.190743705789814,19.17756926748356,45.19029470911511,30,4232.668571428571,2133.52,4657.7
SKU0091,Small Appliances,Lamps,2025-12-22,2026-01-12,4,33.090381478027524,18.84659749701627,44.47101167709657,35,4232.668571428571,2133.52,4657.7
SKU0091,Small Appliances,Lamps,2025-12-22,2026-01-19,5,36.0405321977177,21.592536248916392,48.15385952115809,42,4232.668571428571,2133.52,4657.7
SKU0091,Small Appliances,Lamps,2025-12-22,2026-01-26,6,34.95715458087303,20.842958438363976,48.502232083204575,33,4232.668571428571,2133.52,4657.7
SKU0091,Small Appliances,Lamps,2025-12-22,2026-02-02,7,35.74686726081548,21.532880085168838,49.583540806647264,33,4232.668571428571,2133.52,4657.7
SKU0091,Small Appliances,Lamps,2025-12-22,2026-02-09,8,40.11391648612514,26.511725281402043,54.05386655582585,38,4232.668571428571,2133.52,4657.7
SKU0092,Kitchen,Storage,2025-12-22,2025-12-22,1,37.38099758935414,22.506473696155382,48.770811147119666,40,2615.862857142857,1611.66,2813.61
SKU0092,Kitchen,Storage,2025-12-22,2025-12-29,2,33.71744341096752,19.604468727363734,45.02601697717394,52,2615.862857142857,1611.66,2813.61
SKU0092,Kitchen,Storage,2025-12-22,2026-01-05,3,24.5664571181005,10.553282679794247,36.566008121425796,21,2615.862857142857,1611.66,2813.61
SKU0092,Kitchen,Storage,2025-12-22,2026-01-12,4,20.0864846683643,5.8427006873530445,31.46711486743334,12,2615.862857142857,1611.66,2813.61
SKU0092,Kitchen,Storage,2025-12-22,2026-01-19,5,20.58512121626687,6.13712526746556,32.69844853970726,20,2615.862857142857,1611.66,2813.61
SKU0092,Kitchen,Storage,2025-12-22,2026-01-26,6,21.971123957491447,7.856927814982392,35.51620145982299,24,2615.862857142857,1611.66,2813.61
SKU0092,Kitchen,Storage,2025-12-22,2026-02-02,7,19.301009742511038,5.087022566864398,33.13768328834283,13,2615.862857142857,1611.66,2813.61
SKU0092,Kitchen,Storage,2025-12-22,2026-02-09,8,19.42636566871101,5.824174463987912,33.36631573841172,22,2615.862857142857,1611.66,2813.61
SKU0093,Furnishings,Throws,2025-12-22,2025-12-22,1,6.127628592323791,0.0,17.51744215008932,5,1165.4828571428573,569.82,1272.84
SKU0093,Furnishings,Throws,2025-12-22,2025-12-29,2,5.501699568011194,0.0,16.810273134217617,15,1165.4828571428573,569.82,1272.84
SKU0093,Furnishings,Throws,2025-12-22,2026-01-05,3,4.832900244396651,0.0,16.832451247721945,4,1165.4828571428573,569.82,1272.84
SKU0093,Furnishings,Throws,2025-12-22,2026-01-12,4,4.362999264554372,0.0,15.743629463623414,6,1165.4828571428573,569.82,1272.84
SKU0093,Furnishings,Throws,2025-12-22,2026-01-19,5,4.528388612961544,0.0,16.641715936401933,8,1165.4828571428573,569.82,1272.84
SKU0093,Furnishings,Throws,2025-12-22,2026-01-26,6,4.555556767407281,0.0,18.100634269738823,4,1165.4828571428573,569.82,1272.84
SKU0093,Furnishings,Throws,2025-12-22,2026-02-02,7,4.5113611082128315,0.0,18.348034654044618,6,1165.4828571428573,569.82,1272.84
SKU0093,Furnishings,Throws,2025-12-22,2026-02-09,8,5.118028124681922,0.0,19.057978194382635,6,1165.4828571428573,569.82,1272.84
SKU0094,Decor,Wall Art,2025-12-22,2025-12-22,1,83.75195424482114,68.87743035162238,95.14176780258666,92,2261.388571428572,1566.8,2372.32
SKU0094,Decor,Wall Art,2025-12-22,2025-12-29,2,58.86336572362265,44.75039104001887,70.17193928982907,123,2261.388571428572,1566.8,2372.32
SKU0094,Decor,Wall Art,2025-12-22,2026-01-05,3,53.591085571170645,39.577911132864386,65.59063657449593,60,2261.388571428572,1566.8,2372.32
SKU0094,Decor,Wall Art,2025-12-22,2026-01-12,4,46.09902692195538,31.855242940944123,57.47965712102442,48,2261.388571428572,1566.8,2372.32
SKU0094,Decor,Wall Art,2025-12-22,2026-01-19,5,41.10434538876075,26.65634943995944,53.217672712201136,43,2261.388571428572,1566.8,2372.32
SKU0094,Decor,Wall Art,2025-12-22,2026-01-26,6,39.16781572801809,25.053619585509036,52.712893230349636,33,2261.388571428572,1566.8,2372.32
SKU0094,Decor,Wall Art,2025-12-22,2026-02-02,7,40.55304929215636,26.33906211650972,54.389722837988145,45,2261.388571428572,1566.8,2372.32
SKU0094,Decor,Wall Art,2025-12-22,2026-02-09,8,39.8269962590618,26.224805054338702,53.766946328762515,38,2261.388571428572,1566.8,2372.32
SKU0095,Small Appliances,Kettles,2025-12-22,2025-12-22,1,43.47178053198704,28.59725663878828,54.861594089752565,47,667.6028571428571,284.47,717.75
SKU0095,Small Appliances,Kettles,2025-12-22,2025-12-29,2,38.10709836836719,23.994123684763405,49.41567193457361,55,667.6028571428571,284.47,717.75
SKU0095,Small Appliances,Kettles,2025-12-22,2026-01-05,3,28.728210715192755,14.7150362768865,40.72776171851805,30,667.6028571428571,284.47,717.75
SKU0095,Small Appliances,Kettles,2025-12-22,2026-01-12,4,24.49607233040975,10.252288349398494,35.87670252947879,25,667.6028571428571,284.47,717.75
SKU0095,Small Appliances,Kettles,2025-12-22,2026-01-19,5,28.256739801925118,13.808743853123808,40.37006712536551,25,667.6028571428571,284.47,717.75
SKU0095,Small Appliances,Kettles,2025-12-22,2026-01-26,6,30.106641358732315,15.99244521622326,43.651718861063856,39,667.6028571428571,284.47,717.75
SKU0095,Small Appliances,Kettles,2025-12-22,2026-02-02,7,27.776886746763306,13.562899571116667,41.613560292595096,28,667.6028571428571,284.47,717.75
SKU0095,Small Appliances,Kettles,2025-12-22,2026-02-09,8,25.774608017789877,12.172416813066778,39.71455808749059,28,667.6028571428571,284.47,717.75
SKU0096,Kitchen,Tableware,2025-12-22,2025-12-22,1,11.757171996313776,0.0,23.146985554079304,14,3730.48,2018.14,4263.16
SKU0096,Kitchen,Tableware,2025-12-22,2025-12-29,2,9.096076333338582,0.0,20.404649899545007,15,3730.48,2018.14,4263.16
SKU0096,Kitchen,Tableware,2025-12-22,2026-01-05,3,8.152208826116784,0.0,20.151759829442078,9,3730.48,2018.14,4263.16
SKU0096,Kitchen,Tableware,2025-12-22,2026-01-12,4,8.244645517267871,0.0,19.625275716336915,9,3730.48,2018.14,4263.16
SKU0096,Kitchen,Tableware,2025-12-22,2026-01-19,5,9.374891619006743,0.0,21.488218942447133,17,3730.48,2018.14,4263.16
SKU0096,Kitchen,Tableware,2025-12-22,2026-01-26,6,9.076119922006287,0.0,22.62119742433783,11,3730.48,2018.14,4263.16
SKU0096,Kitchen,Tableware,2025-12-22,2026-02-02,7,7.998451760928198,0.0,21.835125306759984,7,3730.48,2018.14,4263.16
SKU0096,Kitchen,Tableware,2025-12-22,2026-02-09,8,8.590528854133032,0.0,22.53047892383374,10,3730.48,2018.14,4263.16
SKU0097,Furnishings,Rugs,2025-12-22,2025-12-22,1,6.792841254432647,0.0,18.182654812198173,8,4802.921428571428,2004.18,5081.06
SKU0097,Furnishings,Rugs,2025-12-22,2025-12-29,2,5.789512397659209,0.0,17.098085963865632,11,4802.921428571428,2004.18,5081.06
SKU0097,Furnishings,Rugs,2025-12-22,2026-01-05,3,4.386955529172923,0.0,16.386506532498217,5,4802.921428571428,2004.18,5081.06
SKU0097,Furnishings,Rugs,2025-12-22,2026-01-12,4,4.004978063214592,0.0,15.385608262283634,3,4802.921428571428,2004.18,5081.06
SKU0097,Furnishings,Rugs,2025-12-22,2026-01-19,5,3.941594401725702,0.0,16.05492172516609,2,4802.921428571428,2004.18,5081.06
SKU0097,Furnishings,Rugs,2025-12-22,2026-01-26,6,3.80518823814697,0.0,17.350265740478513,2,4802.921428571428,2004.18,5081.06
SKU0097,Furnishings,Rugs,2025-12-22,2026-02-02,7,3.7161048771777248,0.0,17.552778423009514,2,4802.921428571428,2004.18,5081.06
SKU0097,Furnishings,Rugs,2025-12-22,2026-02-09,8,4.036057955623861,0.0,17.97600802532457,1,4802.921428571428,2004.18,5081.06
SKU0098,Decor,Wall Art,2025-12-22,2025-12-22,1,38.33011672797247,23.45559283477371,49.719930285737995,34,591.1957142857143,310.02,663.26
SKU0098,Decor,Wall Art,2025-12-22,2025-12-29,2,31.62644708700635,17.513472403402567,42.935020653212774,44,591.1957142857143,310.02,663.26
SKU0098,Decor,Wall Art,2025-12-22,2026-01-05,3,28.626954727524943,14.613780289218688,40.62650573085024,32,591.1957142857143,310.02,663.26
SKU0098,Decor,Wall Art,2025-12-22,2026-01-12,4,25.502745387264543,11.258961406253288,36.883375586333585,24,591.1957142857143,310.02,663.26
SKU0098,Decor,Wall Art,2025-12-22,2026-01-19,5,23.661251197649207,9.213255248847897,35.774578521089595,15,591.1957142857143,310.02,663.26
SKU0098,Decor,Wall Art,2025-12-22,2026-01-26,6,24.212003916274753,10.097807773765698,37.75708141860629,22,591.1957142857143,310.02,663.26
SKU0098,Decor,Wall Art,2025-12-22,2026-02-02,7,26.842467903502758,12.628480727856118,40.679141449334544,33,591.1957142857143,310.02,663.26
SKU0098,Decor,Wall Art,2025-12-22,2026-02-09,8,29.022981184502854,15.420789979779755,42.96293125420357,25,591.1957142857143,310.02,663.26
SKU0099,Small Appliances,Blenders,2025-12-22,2025-12-22,1,22.75528083703022,7.880756943831466,34.14509439479575,22,2722.972857142857,1447.18,3020.14
SKU0099,Small Appliances,Blenders,2025-12-22,2025-12-29,2,19.766983937696356,5.654009254092571,31.07555750390278,50,2722.972857142857,1447.18,3020.14
SKU0099,Small Appliances,Blenders,2025-12-22,2026-01-05,3,18.498401036386614,4.485226598080359,30.497952039711908,26,2722.972857142857,1447.18,3020.14
SKU0099,Small Appliances,Blenders,2025-12-22,2026-01-12,4,12.922569031833724,0.0,24.303199230902766,7,2722.972857142857,1447.18,3020.14
SKU0099,Small Appliances,Blenders,2025-12-22,2026-01-19,5,11.5200778149415,0.0,23.63340513838189,11,2722.972857142857,1447.18,3020.14
SKU0099,Small Appliances,Blenders,2025-12-22,2026-01-26,6,10.924211623896106,0.0,24.469289126227647,10,2722.972857142857,1447.18,3020.14
SKU0099,Small Appliances,Blenders,2025-12-22,2026-02-02,7,10.760247488133327,0.0,24.596921033965117,6,2722.972857142857,1447.18,3020.14
SKU0099,Small Appliances,Blenders,2025-12-22,2026-02-09,8,11.813654542521457,0.0,25.75360461222217,12,2722.972857142857,1447.18,3020.14
SKU0100,Kitchen,Tableware,2025-12-22,2025-12-22,1,58.261164340202754,43.386640447004,69.65097789796829,56,4113.177142857143,1928.69,4549.96
SKU0100,Kitchen,Tableware,2025-12-22,2025-12-29,2,49.409492890732785,35.296518207129,60.71806645693921,70,4113.177142857143,1928.69,4549.96
SKU0100,Kitchen,Tableware,2025-12-22,2026-01-05,3,49.58985537975171,35.57668094144546,61.589406383077005,66,4113.177142857143,1928.69,4549.96
SKU0100,Kitchen,Tableware,2025-12-22,2026-01-12,4,36.57945602598335,22.335672044972092,47.96008622505239,22,4113.177142857143,1928.69,4549.96
SKU0100,Kitchen,Tableware,2025-12-22,2026-01-19,5,32.544362814999936,18.096366866198625,44.65769013844032,28,4113.177142857143,1928.69,4549.96
SKU0100,Kitchen,Tableware,2025-12-22,2026-01-26,6,33.377430566641344,19.26323442413229,46.92250806897289,29,4113.177142857143,1928.69,4549.96
SKU0100,Kitchen,Tableware,2025-12-22,2026-02-02,7,33.077686986640245,18.863699810993605,46.91436053247203,28,4113.177142857143,1928.69,4549.96
SKU0100,Kitchen,Tableware,2025-12-22,2026-02-09,8,32.9417943037947,19.339603099071603,46.88174437349541,25,4113.177142857143,1928.69,4549.96
SKU0101,Furnishings,Throws,2025-12-22,2025-12-22,1,18.432194090384822,3.5576701971860683,29.82200764815035,26,3363.04,1531.02,3854.32
SKU0101,Furnishings,Throws,2025-12-22,2025-12-29,2,12.77938870273051,0.0,24.087962268936934,33,3363.04,1531.02,3854.32
SKU0101,Furnishings,Throws,2025-12-22,2026-01-05,3,11.514088599102468,0.0,23.513639602427762,17,3363.04,1531.02,3854.32
SKU0101,Furnishings,Throws,2025-12-22,2026-01-12,4,10.399996048970985,0.0,21.78062624804003,15,3363.04,1531.02,3854.32
SKU0101,Furnishings,Throws,2025-12-22,2026-01-19,5,9.82859464176959,0.0,21.94192196520998,13,3363.04,1531.02,3854.32
SKU0101,Furnishings,Throws,2025-12-22,2026-01-26,6,10.424029032860354,0.0,23.969106535191894,14,3363.04,1531.02,3854.32
SKU0101,Furnishings,Throws,2025-12-22,2026-02-02,7,10.714082637933243,0.0,24.55075618376503,15,3363.04,1531.02,3854.32
SKU0101,Furnishings,Throws,2025-12-22,2026-02-09,8,11.554816077214157,0.0,25.49476614691487,15,3363.04,1531.02,3854.32
SKU0102,Decor,Candles,2025-12-22,2025-12-22,1,12.764343195892707,0.0,24.154156753658235,16,593.8128571428571,292.26,639.88
SKU0102,Decor,Candles,2025-12-22,2025-12-29,2,9.999015194772861,0.0,21.307588760979286,26,593.8128571428571,292.26,639.88
SKU0102,Decor,Candles,2025-12-22,2026-01-05,3,8.987806884537848,0.0,20.98735788786314,13,593.8128571428571,292.26,639.88
SKU0102,Decor,Candles,2025-12-22,2026-01-12,4,7.979073314863385,0.0,19.359703513932427,9,593.8128571428571,292.26,639.88
SKU0102,Decor,Candles,2025-12-22,2026-01-19,5,7.918473287042814,0.0,20.031800610483202,7,593.8128571428571,292.26,639.88
SKU0102,Decor,Candles,2025-12-22,2026-01-26,6,8.336418758585836,0.0,21.881496260917377,12,593.8128571428571,292.26,639.88
SKU0102,Decor,Candles,2025-12-22,2026-02-02,7,7.292960470796812,0.0,21.1296340166286,5,593.8128571428571,292.26,639.88
SKU0102,Decor,Candles,2025-12-22,2026-02-09,8,6.790275685025516,0.0,20.730225754726227,4,593.8128571428571,292.26,639.88
SKU0103,Small Appliances,Lamps,2025-12-22,2025-12-22,1,184.70403083545668,169.82950694225792,196.0938443932222,165,2811.8857142857146,1179.45,3068.51
SKU0103,Small Appliances,Lamps,2025-12-22,2025-12-29,2,181.42552694338852,167.31255225978472,192.73410050959495,284,2811.8857142857146,1179.45,3068.51
SKU0103,Small Appliances,Lamps,2025-12-22,2026-01-05,3,169.8060956821928,155.79292124388652,181.80564668551807,202,2811.8857142857146,1179.45,3068.51
SKU0103,Small Appliances,Lamps,2025-12-22,2026-01-12,4,156.20193378271523,141.95814980170397,167.58256398178426,155,2811.8857142857146,1179.45,3068.51
SKU0103,Small Appliances,Lamps,2025-12-22,2026-01-19,5,148.81731443135055,134.36931848254923,160.93064175479094,136,2811.8857142857146,1179.45,3068.51
SKU0103,Small Appliances,Lamps,2025-12-22,2026-01-26,6,149.35853995343047,135.2443438109214,162.903617455762,132,2811.8857142857146,1179.45,3068.51
SKU0103,Small Appliances,Lamps,2025-12-22,2026-02-02,7,146.38819172893025,132.1742045532836,160.22486527476204,138,2811.8857142857146,1179.45,3068.51
SKU0103,Small Appliances,Lamps,2025-12-22,2026-02-09,8,145.18823395220952,131.58604274748643,159.12818402191022,120,2811.8857142857146,1179.45,3068.51
SKU0104,Kitchen,Tableware,2025-12-22,2025-12-22,1,7.98556745786128,0.0,19.375381015626807,9,2998.227142857143,1925.33,3320.5
SKU0104,Kitchen,Tableware,2025-12-22,2025-12-29,2,5.642696633452406,0.0,16.95127019965883,4,2998.227142857143,1925.33,3320.5
SKU0104,Kitchen,Tableware,2025-12-22,2026-01-05,3,5.131056902858443,0.0,17.130607906183737,7,2998.227142857143,1925.33,3320.5
SKU0104,Kitchen,Tableware,2025-12-22,2026-01-12,4,5.224950010940392,0.0,16.605580210009435,2,2998.227142857143,1925.33,3320.5
SKU0104,Kitchen,Tableware,2025-12-22,2026-01-19,5,4.65808001593763,0.0,16.77140733937802,5,2998.227142857143,1925.33,3320.5
SKU0104,Kitchen,Tableware,2025-12-22,2026-01-26,6,4.742019275717774,0.0,18.287096778049314,3,2998.227142857143,1925.33,3320.5
SKU0104,Kitchen,Tableware,2025-12-22,2026-02-02,7,4.812423596008831,0.0,18.64909714184062,3,2998.227142857143,1925.33,3320.5
SKU0104,Kitchen,Tableware,2025-12-22,2026-02-09,8,5.204179034351359,0.0,19.14412910405207,0,2998.227142857143,1925.33,3320.5
SKU0105,Furnishings,Throws,2025-12-22,2025-12-22,1,53.51023294838845,38.63570905518969,64.90004650615398,56,686.407142857143,461.42,727.82
SKU0105,Furnishings,Throws,2025-12-22,2025-12-29,2,45.55812361825972,31.445148934655936,56.86669718446615,88,686.407142857143,461.42,727.82
SKU0105,Furnishings,Throws,2025-12-22,2026-01-05,3,45.20000381863662,31.186829380330362,57.19955482196191,57,686.407142857143,461.42,727.82
SKU0105,Furnishings,Throws,2025-12-22,2026-01-12,4,41.42147730534262,27.177693324331365,52.802107504411666,42,686.407142857143,461.42,727.82
SKU0105,Furnishings,Throws,2025-12-22,2026-01-19,5,44.578425652455756,30.130429703654446,56.691752975896144,45,686.407142857143,461.42,727.82
SKU0105,Furnishings,Throws,2025-12-22,2026-01-26,6,48.43292122161396,34.31872507910491,61.977998723945504,64,686.407142857143,461.42,727.82
SKU0105,Furnishings,Throws,2025-12-22,2026-02-02,7,50.47323053831874,36.259243362672095,64.30990408415053,58,686.407142857143,461.42,727.82
SKU0105,Furnishings,Throws,2025-12-22,2026-02-09,8,49.853231535610774,36.251040330887676,63.79318160531149,80,686.407142857143,461.42,727.82
SKU0106,Decor,Candles,2025-12-22,2025-12-22,1,11.019500297982313,0.0,22.40931385574784,8,1974.898571428572,1139.73,2119.88
SKU0106,Decor,Candles,2025-12-22,2025-12-29,2,10.651321236617461,0.0,21.959894802823882,19,1974.898571428572,1139.73,2119.88
SKU0106,Decor,Candles,2025-12-22,2026-01-05,3,10.625049415243234,0.0,22.624600418568527,14,1974.898571428572,1139.73,2119.88
SKU0106,Decor,Candles,2025-12-22,2026-01-12,4,9.789592486058497,0.0,21.17022268512754,15,1974.898571428572,1139.73,2119.88
SKU0106,Decor,Candles,2025-12-22,2026-01-19,5,8.874679215024154,0.0,20.988006538464543,8,1974.898571428572,1139.73,2119.88
SKU0106,Decor,Candles,2025-12-22,2026-01-26,6,8.560508076978046,0.0,22.105585579309587,7,1974.898571428572,1139.73,2119.88
SKU0106,Decor,Candles,2025-12-22,2026-02-02,7,9.580788889777727,0.0,23.417462435609515,11,1974.898571428572,1139.73,2119.88
SKU0106,Decor,Candles,2025-12-22,2026-02-09,8,9.633721393158384,0.0,23.573671462859096,12,1974.898571428572,1139.73,2119.88
SKU0107,Small Appliances,Kettles,2025-12-22,2025-12-22,1,57.12830562128661,42.25378172808785,68.51811917905214,66,5137.205714285715,2345.46,5479.84
SKU0107,Small Appliances,Kettles,2025-12-22,2025-12-29,2,37.07590898163531,22.962934298031524,48.38448254784173,92,5137.205714285715,2345.46,5479.84
SKU0107,Small Appliances,Kettles,2025-12-22,2026-01-05,3,36.11942903007612,22.106254591769865,48.118980033401414,44,5137.205714285715,2345.46,5479.84
SKU0107,Small Appliances,Kettles,2025-12-22,2026-01-12,4,32.17817150319242,17.93438752218116,43.55880170226146,33,5137.205714285715,2345.46,5479.84
SKU0107,Small Appliances,Kettles,2025-12-22,2026-01-19,5,28.630430547944762,14.182434599143452,40.74375787138515,26,5137.205714285715,2345.46,5479.84
SKU0107,Small Appliances,Kettles,2025-12-22,2026-01-26,6,30.701155587059507,16.586959444550452,44.24623308939105,29,5137.205714285715,2345.46,5479.84
SKU0107,Small Appliances,Kettles,2025-12-22,2026-02-02,7,33.328276147019736,19.114288971373096,47.16494969285152,38,5137.205714285715,2345.46,5479.84
SKU0107,Small Appliances,Kettles,2025-12-22,2026-02-09,8,29.659586029135127,16.05739482441203,43.59953609883584,23,5137.205714285715,2345.46,5479.84
SKU0108,Kitchen,Storage,2025-12-22,2025-12-22,1,22.43444718041488,7.559923287216128,33.82426073818041,27,2434.1342857142854,990.79,2560.16
SKU0108,Kitchen,Storage,2025-12-22,2025-12-29,2,15.963326163976621,1.8503514803728365,27.271899730183044,37,2434.1342857142854,990.79,2560.16
SKU0108,Kitchen,Storage,2025-12-22,2026-01-05,3,12.897724467370741,0.0,24.897275470696037,16,2434.1342857142854,990.79,2560.16
SKU0108,Kitchen,Storage,2025-12-22,2026-01-12,4,15.533405490339442,1.289621509328187,26.914035689408486,27,2434.1342857142854,990.79,2560.16
SKU0108,Kitchen,Storage,2025-12-22,2026-01-19,5,15.668919771981507,1.2209238231801969,27.782247095421894,25,2434.1342857142854,990.79,2560.16
SKU0108,Kitchen,Storage,2025-12-22,2026-01-26,6,16.724856802443913,2.610660659934858,30.269934304775454,34,2434.1342857142854,990.79,2560.16
SKU0108,Kitchen,Storage,2025-12-22,2026-02-02,7,16.275629201880797,2.061642026234157,30.112302747712583,23,2434.1342857142854,990.79,2560.16
SKU0108,Kitchen,Storage,2025-12-22,2026-02-09,8,16.36369997813724,2.7615087734141426,30.30365004783795,24,2434.1342857142854,990.79,2560.16
SKU0109,Furnishings,Rugs,2025-12-22,2025-12-22,1,143.25978221573408,128.38525832253532,154.6495957734996,166,802.9842857142858,366.72,887.7
SKU0109,Furnishings,Rugs,2025-12-22,2025-12-29,2,93.98632453291856,79.87334984931478,105.29489809912498,243,802.9842857142858,366.72,887.7
SKU0109,Furnishings,Rugs,2025-12-22,2026-01-05,3,97.10055892006402,83.08738448175777,109.10010992338931,129,802.9842857142858,366.72,887.7
SKU0109,Furnishings,Rugs,2025-12-22,2026-01-12,4,97.69042088480315,83.4466369037919,109.07105108387219,112,802.9842857142858,366.72,887.7
SKU0109,Furnishings,Rugs,2025-12-22,2026-01-19,5,90.44010351428231,75.992107565481,102.5534308377227,96,802.9842857142858,366.72,887.7
SKU0109,Furnishings,Rugs,2025-12-22,2026-01-26,6,92.59121891745886,78.4770227749498,106.1362964197904,100,802.9842857142858,366.72,887.7
SKU0109,Furnishings,Rugs,2025-12-22,2026-02-02,7,99.51639183779024,85.3024046621436,113.35306538362202,110,802.9842857142858,366.72,887.7
SKU0109,Furnishings,Rugs,2025-12-22,2026-02-09,8,99.11717349262722,85.51498228790412,113.05712356232793,103,802.9842857142858,366.72,887.7
SKU0110,Decor,Wall Art,2025-12-22,2025-12-22,1,71.18731486766455,56.3127909744658,82.57712842543009,87,744.9271428571429,375.05,789.82
SKU0110,Decor,Wall Art,2025-12-22,2025-12-29,2,45.40817945608742,31.295204772483633,56.716753022293844,135,744.9271428571429,375.05,789.82
SKU0110,Decor,Wall Art,2025-12-22,2026-01-05,3,45.764533431526694,31.75135899322044,57.76408443485199,90,744.9271428571429,375.05,789.82
SKU0110,Decor,Wall Art,2025-12-22,2026-01-12,4,42.469590292388204,28.22580631137695,53.85022049145725,50,744.9271428571429,375.05,789.82
SKU0110,Decor,Wall Art,2025-12-22,2026-01-19,5,38.285076161329535,23.837080212528225,50.39840348476992,44,744.9271428571429,375.05,789.82
SKU0110,Decor,Wall Art,2025-12-22,2026-01-26,6,39.17398063312404,25.059784490614984,52.71905813545558,45,744.9271428571429,375.05,789.82
SKU0110,Decor,Wall Art,2025-12-22,2026-02-02,7,39.89199793928662,25.67801076363998,53.728671485118404,46,744.9271428571429,375.05,789.82
SKU0110,Decor,Wall Art,2025-12-22,2026-02-09,8,40.920739175715006,27.318547970991908,54.86068924541571,47,744.9271428571429,375.05,789.82
SKU0111,Small Appliances,Blenders,2025-12-22,2025-12-22,1,27.491896788338522,12.617372895139768,38.88171034610405,27,2646.062857142857,1179.45,2819.45
SKU0111,Small Appliances,Blenders,2025-12-22,2025-12-29,2,25.317096578875784,11.204121895272,36.62567014508221,37,2646.062857142857,1179.45,2819.45
SKU0111,Small Appliances,Blenders,2025-12-22,2026-01-05,3,20.291589384079312,6.278414945773058,32.29114038740461,23,2646.062857142857,1179.45,2819.45
SKU0111,Small Appliances,Blenders,2025-12-22,2026-01-12,4,15.11951114005425,0.8757271590429951,26.500141339123292,7,2646.062857142857,1179.45,2819.45
SKU0111,Small Appliances,Blenders,2025-12-22,2026-01-19,5,12.842697397989296,0.0,24.956024721429685,17,2646.062857142857,1179.45,2819.45
SKU0111,Small Appliances,Blenders,2025-12-22,2026-01-26,6,12.831405651582658,0.0,26.3764831539142,5,2646.062857142857,1179.45,2819.45
SKU0111,Small Appliances,Blenders,2025-12-22,2026-02-02,7,12.08146427455033,0.0,25.918137820382118,11,2646.062857142857,1179.45,2819.45
SKU0111,Small Appliances,Blenders,2025-12-22,2026-02-09,8,11.929849256861488,0.0,25.869799326562198,5,2646.062857142857,1179.45,2819.45
SKU0112,Kitchen,Cookware,2025-12-22,2025-12-22,1,43.99342459109934,29.118900697900585,55.38323814886487,51,2140.34,1189.69,2297.03
SKU0112,Kitchen,Cookware,2025-12-22,2025-12-29,2,36.11770474767669,22.004730064072906,47.42627831388312,80,2140.34,1189.69,2297.03
SKU0112,Kitchen,Cookware,2025-12-22,2026-01-05,3,29.12685825747609,15.113683819169836,41.12640926080138,27,2140.34,1189.69,2297.03
SKU0112,Kitchen,Cookware,2025-12-22,2026-01-12,4,22.577195678997075,8.33341169798582,33.95782587806612,20,2140.34,1189.69,2297.03
SKU0112,Kitchen,Cookware,2025-12-22,2026-01-19,5,21.322227551266966,6.874231602465656,33.43555487470736,23,2140.34,1189.69,2297.03
SKU0112,Kitchen,Cookware,2025-12-22,2026-01-26,6,20.844584966617944,6.730388824108889,34.38966246894948,19,2140.34,1189.69,2297.03
SKU0112,Kitchen,Cookware,2025-12-22,2026-02-02,7,20.413248966496347,6.199261790849707,34.24992251232813,19,2140.34,1189.69,2297.03
SKU0112,Kitchen,Cookware,2025-12-22,2026-02-09,8,20.63933914169792,7.037147936974822,34.57928921139863,15,2140.34,1189.69,2297.03
SKU0113,Furnishings,Throws,2025-12-22,2025-12-22,1,31.469945359596213,16.59542146639746,42.859758917361745,38,2788.2214285714285,1970.73,3020.55
SKU0113,Furnishings,Throws,2025-12-22,2025-12-29,2,25.53108493829173,11.418110254687946,36.83965850449815,74,2788.2214285714285,1970.73,3020.55
SKU0113,Furnishings,Throws,2025-12-22,2026-01-05,3,25.475093496005503,11.461919057699248,37.47464449933079,40,2788.2214285714285,1970.73,3020.55
SKU0113,Furnishings,Throws,2025-12-22,2026-01-12,4,22.018056855008766,7.774272873997511,33.39868705407781,25,2788.2214285714285,1970.73,3020.55
SKU0113,Furnishings,Throws,2025-12-22,2026-01-19,5,20.091676790092006,5.643680841290696,32.2050041135324,25,2788.2214285714285,1970.73,3020.55
SKU0113,Furnishings,Throws,2025-12-22,2026-01-26,6,20.590972585397928,6.476776442888873,34.13605008772947,25,2788.2214285714285,1970.73,3020.55
SKU0113,Furnishings,Throws,2025-12-22,2026-02-02,7,23.68249342962892,9.46850625398228,37.519166975460706,28,2788.2214285714285,1970.73,3020.55
SKU0113,Furnishings,Throws,2025-12-22,2026-02-09,8,25.166950705309738,11.56475950058664,39.106900775010445,35,2788.2214285714285,1970.73,3020.55
SKU0114,Decor,Wall Art,2025-12-22,2025-12-22,1,61.83987008555737,46.965346192358616,73.2296836433229,67,3477.844285714286,2207.66,3842.85
SKU0114,Decor,Wall Art,2025-12-22,2025-12-29,2,49.06263882026659,34.949664136662804,60.37121238647302,93,3477.844285714286,2207.66,3842.85
SKU0114,Decor,Wall Art,2025-12-22,2026-01-05,3,41.361931722428245,27.34875728412199,53.36148272575354,44,3477.844285714286,2207.66,3842.85
SKU0114,Decor,Wall Art,2025-12-22,2026-01-12,4,37.18131035915458,22.937526378143325,48.561940558223625,42,3477.844285714286,2207.66,3842.85
SKU0114,Decor,Wall Art,2025-12-22,2026-01-19,5,35.05719133254445,20.60919538374314,47.170518655984836,37,3477.844285714286,2207.66,3842.85
SKU0114,Decor,Wall Art,2025-12-22,2026-01-26,6,34.15513689089515,20.040940748386095,47.70021439322669,35,3477.844285714286,2207.66,3842.85
SKU0114,Decor,Wall Art,2025-12-22,2026-02-02,7,33.49903783932162,19.285050663674983,47.33571138515341,36,3477.844285714286,2207.66,3842.85
SKU0114,Decor,Wall Art,2025-12-22,2026-02-09,8,32.40988499317334,18.807693788450244,46.34983506287405,29,3477.844285714286,2207.66,3842.85
SKU0115,Small Appliances,Kettles,2025-12-22,2025-12-22,1,87.29417474696021,72.41965085376145,98.68398830472574,82,4933.988571428571,2497.83,5492.28
SKU0115,Small Appliances,Kettles,2025-12-22,2025-12-29,2,66.9268840626421,52.81390937903832,78.23545762884852,101,4933.988571428571,2497.83,5492.28
SKU0115,Small Appliances,Kettles,2025-12-22,2026-01-05,3,67.11298824343055,53.0998138051243,79.11253924675584,83,4933.988571428571,2497.83,5492.28
SKU0115,Small Appliances,Kettles,2025-12-22,2026-01-12,4,64.78255460930144,50.53877062829019,76.16318480837049,53,4933.988571428571,2497.83,5492.28
SKU0115,Small Appliances,Kettles,2025-12-22,2026-01-19,5,65.18572952262629,50.73773357382498,77.29905684606668,62,4933.988571428571,2497.83,5492.28
SKU0115,Small Appliances,Kettles,2025-12-22,2026-01-26,6,70.52977050500887,56.41557436249981,84.0748480073404,62,4933.988571428571,2497.83,5492.28
SKU0115,Small Appliances,Kettles,2025-12-22,2026-02-02,7,71.14988573912065,56.93589856347401,84.98655928495243,81,4933.988571428571,2497.83,5492.28
SKU0115,Small Appliances,Kettles,2025-12-22,2026-02-09,8,71.93504063737176,58.33284943264866,85.87499070707247,65,4933.988571428571,2497.83,5492.28
SKU0116,Kitchen,Cookware,2025-12-22,2025-12-22,1,41.200242959206285,26.32571906600753,52.59005651697181,48,679.1400000000001,298.87,740.13
SKU0116,Kitchen,Cookware,2025-12-22,2025-12-29,2,33.83887541666784,19.725900733064055,45.147448982874266,55,679.1400000000001,298.87,740.13
SKU0116,Kitchen,Cookware,2025-12-22,2026-01-05,3,26.09407764497138,12.080903206665127,38.09362864829667,25,679.1400000000001,298.87,740.13
SKU0116,Kitchen,Cookware,2025-12-22,2026-01-12,4,22.701954709398798,8.458170728387543,34.08258490846784,23,679.1400000000001,298.87,740.13
SKU0116,Kitchen,Cookware,2025-12-22,2026-01-19,5,21.221488950898262,6.773493002096952,33.33481627433865,27,679.1400000000001,298.87,740.13
SKU0116,Kitchen,Cookware,2025-12-22,2026-01-26,6,20.542066296204084,6.427870153695029,34.08714379853562,14,679.1400000000001,298.87,740.13
SKU0116,Kitchen,Cookware,2025-12-22,2026-02-02,7,20.47437313988498,6.260385964238342,34.31104668571677,22,679.1400000000001,298.87,740.13
SKU0116,Kitchen,Cookware,2025-12-22,2026-02-09,8,20.234779732815923,6.632588528092825,34.17472980251664,23,679.1400000000001,298.87,740.13
SKU0117,Furnishings,Cushions,2025-12-22,2025-12-22,1,52.44216043562982,37.56763654243107,63.83197399339535,50,870.5171428571429,1518.53,993.74
SKU0117,Furnishings,Cushions,2025-12-22,2025-12-29,2,44.08547956982152,29.972504886217738,55.39405313602795,67,870.5171428571429,1518.53,993.74
SKU0117,Furnishings,Cushions,2025-12-22,2026-01-05,3,36.670297573599925,22.65712313529367,48.66984857692522,37,870.5171428571429,1518.53,993.74
SKU0117,Furnishings,Cushions,2025-12-22,2026-01-12,4,31.61320186300794,17.369417881996686,42.99383206207698,22,870.5171428571429,1518.53,993.74
SKU0117,Furnishings,Cushions,2025-12-22,2026-01-19,5,31.58632224628229,17.13832629748098,43.69964956972268,31,870.5171428571429,1518.53,993.74
SKU0117,Furnishings,Cushions,2025-12-22,2026-01-26,6,31.850377416678786,17.73618127416973,45.39545491901033,29,870.5171428571429,1518.53,993.74
SKU0117,Furnishings,Cushions,2025-12-22,2026-02-02,7,29.18905856791616,14.97507139226952,43.02573211374795,27,870.5171428571429,1518.53,993.74
SKU0117,Furnishings,Cushions,2025-12-22,2026-02-09,8,28.14086551449226,14.53867430976916,42.08081558419297,15,870.5171428571429,1518.53,993.74
SKU0118,Decor,Candles,2025-12-22,2025-12-22,1,11.729923905653763,0.0,23.11973746341929,0,2108.1471428571426,1668.17,2407.83
SKU0118,Decor,Candles,2025-12-22,2025-12-29,2,7.568306555568547,0.0,18.87688012177497,0,2108.1471428571426,1668.17,2407.83
SKU0118,Decor,Candles,2025-12-22,2026-01-05,3,7.7663702887488135,0.0,19.765921292074108,0,2108.1471428571426,1668.17,2407.83
SKU0118,Decor,Candles,2025-12-22,2026-01-12,4,7.4364756514402,0.0,18.817105850509243,8,2108.1471428571426,1668.17,2407.83
SKU0118,Decor,Candles,2025-12-22,2026-01-19,5,9.183380976183269,0.0,21.29670829962366,16,2108.1471428571426,1668.17,2407.83
SKU0118,Decor,Candles,2025-12-22,2026-01-26,6,9.581492637161183,0.0,23.126570139492724,12,2108.1471428571426,1668.17,2407.83
SKU0118,Decor,Candles,2025-12-22,2026-02-02,7,9.138740554156765,0.0,22.975414099988555,13,2108.1471428571426,1668.17,2407.83
SKU0118,Decor,Candles,2025-12-22,2026-02-09,8,8.771233424993788,0.0,22.7111834946945,12,2108.1471428571426,1668.17,2407.83
SKU0119,Small Appliances,Kettles,2025-12-22,2025-12-22,1,236.43362600982843,221.55910211662967,247.82343956759397,229,3373.86,1546.34,3652.11
SKU0119,Small Appliances,Kettles,2025-12-22,2025-12-29,2,208.48979900803715,194.37682432443336,219.7983725742436,267,3373.86,1546.34,3652.11
SKU0119,Small Appliances,Kettles,2025-12-22,2026-01-05,3,165.40625872953612,151.39308429122985,177.40580973286143,170,3373.86,1546.34,3652.11
SKU0119,Small Appliances,Kettles,2025-12-22,2026-01-12,4,157.34290625096818,143.09912226995692,168.72353645003722,149,3373.86,1546.34,3652.11
SKU0119,Small Appliances,Kettles,2025-12-22,2026-01-19,5,156.31569904933866,141.86770310053734,168.42902637277905,141,3373.86,1546.34,3652.11
SKU0119,Small Appliances,Kettles,2025-12-22,2026-01-26,6,156.56781325030377,142.4536171077947,170.1128907526353,151,3373.86,1546.34,3652.11
SKU0119,Small Appliances,Kettles,2025-12-22,2026-02-02,7,152.7684633935358,138.55447621788915,166.60513693936758,138,3373.86,1546.34,3652.11
SKU0119,Small Appliances,Kettles,2025-12-22,2026-02-09,8,146.6952923289873,133.0931011242642,160.635242398688,136,3373.86,1546.34,3652.11
SKU0120,Kitchen,Cookware,2025-12-22,2025-12-22,1,60.23150520309862,45.356981309899865,71.62131876086414,71,2742.8228571428567,2135.57,3136.47
SKU0120,Kitchen,Cookware,2025-12-22,2025-12-29,2,44.53029079311761,30.417316109513823,55.838864359324035,94,2742.8228571428567,2135.57,3136.47
SKU0120,Kitchen,Cookware,2025-12-22,2026-01-05,3,39.52217289432999,25.508998456023736,51.521723897655285,48,2742.8228571428567,2135.57,3136.47
SKU0120,Kitchen,Cookware,2025-12-22,2026-01-12,4,28.985283078646482,14.741499097635227,40.36591327771552,28,2742.8228571428567,2135.57,3136.47
SKU0120,Kitchen,Cookware,2025-12-22,2026-01-19,5,28.815205645178498,14.367209696377188,40.92853296861889,34,2742.8228571428567,2135.57,3136.47
SKU0120,Kitchen,Cookware,2025-12-22,2026-01-26,6,28.835836043049287,14.721639900540232,42.38091354538083,35,2742.8228571428567,2135.57,3136.47
SKU0120,Kitchen,Cookware,2025-12-22,2026-02-02,7,27.285301631383934,13.071314455737294,41.121975177215724,27,2742.8228571428567,2135.57,3136.47
SKU0120,Kitchen,Cookware,2025-12-22,2026-02-09,8,24.916012889268924,11.313821684545825,38.855962958969634,21,2742.8228571428567,2135.57,3136.47
SKU0121,Furnishings,Rugs,2025-12-22,2025-12-22,1,3.3710632240877856,0.0,14.760876781853314,10,4045.695714285714,1948.5,4360.25
SKU0121,Furnishings,Rugs,2025-12-22,2025-12-29,2,2.1166457080575474,0.0,13.42521927426397,1,4045.695714285714,1948.5,4360.25
SKU0121,Furnishings,Rugs,2025-12-22,2026-01-05,3,2.2112967007162845,0.0,14.210847704041578,3,4045.695714285714,1948.5,4360.25
SKU0121,Furnishings,Rugs,2025-12-22,2026-01-12,4,2.3881813906399154,0.0,13.768811589708957,3,4045.695714285714,1948.5,4360.25
SKU0121,Furnishings,Rugs,2025-12-22,2026-01-19,5,2.55435124056876,0.0,14.66767856400915,5,4045.695714285714,1948.5,4360.25
SKU0121,Furnishings,Rugs,2025-12-22,2026-01-26,6,2.602447529953548,0.0,16.14752503228509,2,4045.695714285714,1948.5,4360.25
SKU0121,Furnishings,Rugs,2025-12-22,2026-02-02,7,2.6259232035275972,0.0,16.462596749359385,3,4045.695714285714,1948.5,4360.25
SKU0121,Furnishings,Rugs,2025-12-22,2026-02-09,8,2.7119928406483162,0.0,16.651942910349028,5,4045.695714285714,1948.5,4360.25
SKU0122,Decor,Wall Art,2025-12-22,2025-12-22,1,11.781369350472193,0.0,23.17118290823772,9,277.9714285714286,177.17,290.94
SKU0122,Decor,Wall Art,2025-12-22,2025-12-29,2,8.824584332767916,0.0,20.13315789897434,21,277.9714285714286,177.17,290.94
SKU0122,Decor,Wall Art,2025-12-22,2026-01-05,3,7.951638937924801,0.0,19.951189941250096,6,277.9714285714286,177.17,290.94
SKU0122,Decor,Wall Art,2025-12-22,2026-01-12,4,6.252046332574533,0.0,17.632676531643575,6,277.9714285714286,177.17,290.94
SKU0122,Decor,Wall Art,2025-12-22,2026-01-19,5,4.82330277024717,0.0,16.93663009368756,8,277.9714285714286,177.17,290.94
SKU0122,Decor,Wall Art,2025-12-22,2026-01-26,6,4.901561259645329,0.0,18.44663876197687,3,277.9714285714286,177.17,290.94
SKU0122,Decor,Wall Art,2025-12-22,2026-02-02,7,4.967027506439176,0.0,18.803701052270963,7,277.9714285714286,177.17,290.94
SKU0122,Decor,Wall Art,2025-12-22,2026-02-09,8,5.339344413239094,0.0,19.279294482939804,9,277.9714285714286,177.17,290.94
SKU0123,Small Appliances,Lamps,2025-12-22,2025-12-22,1,29.508131249162936,14.633607355964182,40.897944806928464,29,3678.4742857142855,1883.36,4060.55
SKU0123,Small Appliances,Lamps,2025-12-22,2025-12-29,2,27.471338456765956,13.358363773162171,38.77991202297238,48,3678.4742857142855,1883.36,4060.55
SKU0123,Small Appliances,Lamps,2025-12-22,2026-01-05,3,24.6095303450684,10.596355906762145,36.609081348393694,24,3678.4742857142855,1883.36,4060.55
SKU0123,Small Appliances,Lamps,2025-12-22,2026-01-12,4,21.758947271233275,7.51516329022202,33.139577470302314,26,3678.4742857142855,1883.36,4060.55
SKU0123,Small Appliances,Lamps,2025-12-22,2026-01-19,5,20.556905343769106,6.108909394967796,32.6702326672095,21,3678.4742857142855,1883.36,4060.55
SKU0123,Small Appliances,Lamps,2025-12-22,2026-01-26,6,21.530917038119327,7.416720895610272,35.075994540450864,26,3678.4742857142855,1883.36,4060.55
SKU0123,Small Appliances,Lamps,2025-12-22,2026-02-02,7,18.19029617759359,3.9763090019469516,32.02696972342538,18,3678.4742857142855,1883.36,4060.55
SKU0123,Small Appliances,Lamps,2025-12-22,2026-02-09,8,16.559811476638004,2.957620271914905,30.499761546338714,12,3678.4742857142855,1883.36,4060.55
SKU0124,Kitchen,Storage,2025-12-22,2025-12-22,1,8.833191582288979,0.0,20.223005140054507,8,933.8514285714284,455.62,1039.52
SKU0124,Kitchen,Storage,2025-12-22,2025-12-29,2,6.769907055158226,0.0,18.078480621364648,18,933.8514285714284,455.62,1039.52
SKU0124,Kitchen,Storage,2025-12-22,2026-01-05,3,6.107407599644939,0.0,18.106958602970234,8,933.8514285714284,455.62,1039.52
SKU0124,Kitchen,Storage,2025-12-22,2026-01-12,4,6.226965168565335,0.0,17.607595367634378,9,933.8514285714284,455.62,1039.52
SKU0124,Kitchen,Storage,2025-12-22,2026-01-19,5,6.373971232870102,0.0,18.487298556310492,8,933.8514285714284,455.62,1039.52
SKU0124,Kitchen,Storage,2025-12-22,2026-01-26,6,6.844058556845462,0.0,20.389136059177,11,933.8514285714284,455.62,1039.52
SKU0124,Kitchen,Storage,2025-12-22,2026-02-02,7,6.726291660615493,0.0,20.56296520644728,9,933.8514285714284,455.62,1039.52
SKU0124,Kitchen,Storage,2025-12-22,2026-02-09,8,6.081930477247302,0.0,20.02188054694801,4,933.8514285714284,455.62,1039.52
SKU0125,Furnishings,Cushions,2025-12-22,2025-12-22,1,81.61086516213932,66.73634126894056,93.00067871990484,80,4384.792857142857,1797.97,4632.01
SKU0125,Furnishings,Cushions,2025-12-22,2025-12-29,2,76.32650602670786,62.21353134310408,87.63507959291428,96,4384.792857142857,1797.97,4632.01
SKU0125,Furnishings,Cushions,2025-12-22,2026-01-05,3,67.34007850401404,53.326904065707794,79.33962950733934,64,4384.792857142857,1797.97,4632.01
SKU0125,Furnishings,Cushions,2025-12-22,2026-01-12,4,60.11876254776083,45.874978566749576,71.49939274682987,59,4384.792857142857,1797.97,4632.01
SKU0125,Furnishings,Cushions,2025-12-22,2026-01-19,5,58.34061709272443,43.89262114392312,70.45394441616482,55,4384.792857142857,1797.97,4632.01
SKU0125,Furnishings,Cushions,2025-12-22,2026-01-26,6,53.96728749334596,39.853091350836905,67.5123649956775,44,4384.792857142857,1797.97,4632.01
SKU0125,Furnishings,Cushions,2025-12-22,2026-02-02,7,59.28670302590863,45.072715850261986,73.12337657174042,57,4384.792857142857,1797.97,4632.01
SKU0125,Furnishings,Cushions,2025-12-22,2026-02-09,8,62.62679014075208,49.02459893602898,76.56674021045279,62,4384.792857142857,1797.97,4632.01
SKU0126,Decor,Candles,2025-12-22,2025-12-22,1,142.51970147465576,127.645177581457,153.9095150324213,194,431.6557142857143,211.89,453.35
SKU0126,Decor,Candles,2025-12-22,2025-12-29,2,96.6485416761128,82.53556699250902,107.95711524231922,297,431.6557142857143,211.89,453.35
SKU0126,Decor,Candles,2025-12-22,2026-01-05,3,92.90501939296857,78.89184495466232,104.90457039629386,186,431.6557142857143,211.89,453.35
SKU0126,Decor,Candles,2025-12-22,2026-01-12,4,79.6143563969262,65.37057241591495,90.99498659599524,81,431.6557142857143,211.89,453.35
SKU0126,Decor,Candles,2025-12-22,2026-01-19,5,78.22660070168945,63.77860475288814,90.33992802512984,94,431.6557142857143,211.89,453.35
SKU0126,Decor,Candles,2025-12-22,2026-01-26,6,76.36663863535811,62.252442492849056,89.91171613768965,82,431.6557142857143,211.89,453.35
SKU0126,Decor,Candles,2025-12-22,2026-02-02,7,74.3755810885461,60.16159391289946,88.21225463437789,68,431.6557142857143,211.89,453.35
SKU0126,Decor,Candles,2025-12-22,2026-02-09,8,76.62212970023022,63.01993849550712,90.56207976993093,84,431.6557142857143,211.89,453.35
SKU0127,Small Appliances,Lamps,2025-12-22,2025-12-22,1,14.523792982743679,0.0,25.913606540509207,17,2672.348571428572,1797.18,2889.42
SKU0127,Small Appliances,Lamps,2025-12-22,2025-12-29,2,11.764671533570542,0.0,23.073245099776965,41,2672.348571428572,1797.18,2889.42
SKU0127,Small Appliances,Lamps,2025-12-22,2026-01-05,3,11.548528526008417,0.0,23.548079529333712,23,2672.348571428572,1797.18,2889.42
SKU0127,Small Appliances,Lamps,2025-12-22,2026-01-12,4,9.663538793510142,0.0,21.044168992579184,14,2672.348571428572,1797.18,2889.42
SKU0127,Small Appliances,Lamps,2025-12-22,2026-01-19,5,9.097158995257875,0.0,21.210486318698266,12,2672.348571428572,1797.18,2889.42
SKU0127,Small Appliances,Lamps,2025-12-22,2026-01-26,6,8.315805960044607,0.0,21.860883462376147,12,2672.348571428572,1797.18,2889.42
SKU0127,Small Appliances,Lamps,2025-12-22,2026-02-02,7,7.969812203067633,0.0,21.80648574889942,7,2672.348571428572,1797.18,2889.42
SKU0127,Small Appliances,Lamps,2025-12-22,2026-02-09,8,8.203918784625523,0.0,22.143868854326236,13,2672.348571428572,1797.18,2889.42
SKU0128,Kitchen,Cookware,2025-12-22,2025-12-22,1,319.9667624230945,305.0922385298958,331.35657598086004,362,4501.311428571428,2451.67,4781.43
SKU0128,Kitchen,Cookware,2025-12-22,2025-12-29,2,448.6026121911381,434.4896375075343,459.9111857573445,594,4501.311428571428,2451.67,4781.43
SKU0128,Kitchen,Cookware,2025-12-22,2026-01-05,3,301.67203231679196,287.6588578784857,313.67158332011724,319,4501.311428571428,2451.67,4781.43
SKU0128,Kitchen,Cookware,2025-12-22,2026-01-12,4,177.2640327650034,163.02024878399214,188.64466296407244,178,4501.311428571428,2451.67,4781.43
SKU0128,Kitchen,Cookware,2025-12-22,2026-01-19,5,194.99221069543464,180.54421474663332,207.10553801887502,226,4501.311428571428,2451.67,4781.43
SKU0128,Kitchen,Cookware,2025-12-22,2026-01-26,6,192.5794468428024,178.46525070029335,206.12452434513395,191,4501.311428571428,2451.67,4781.43
SKU0128,Kitchen,Cookware,2025-12-22,2026-02-02,7,194.9186151376327,180.70462796198606,208.7552886834645,210,4501.311428571428,2451.67,4781.43
SKU0128,Kitchen,Cookware,2025-12-22,2026-02-09,8,194.58756154064585,180.98537033592277,208.52751161034655,203,4501.311428571428,2451.67,4781.43
SKU0129,Furnishings,Cushions,2025-12-22,2025-12-22,1,61.955428781824736,47.08090488862598,73.34524233959027,57,2106.7114285714283,1465.24,2306.52
SKU0129,Furnishings,Cushions,2025-12-22,2025-12-29,2,55.48546078886616,41.37248610526238,66.79403435507258,93,2106.7114285714283,1465.24,2306.52
SKU0129,Furnishings,Cushions,2025-12-22,2026-01-05,3,55.02975076398262,41.01657632567637,67.02930176730791,71,2106.7114285714283,1465.24,2306.52
SKU0129,Furnishings,Cushions,2025-12-22,2026-01-12,4,49.814843597422445,35.57105961641119,61.195473796491484,57,2106.7114285714283,1465.24,2306.52
SKU0129,Furnishings,Cushions,2025-12-22,2026-01-19,5,47.25779392825031,32.809797979449,59.371121251690695,49,2106.7114285714283,1465.24,2306.52
SKU0129,Furnishings,Cushions,2025-12-22,2026-01-26,6,45.227009948403605,31.11281380589455,58.77208745073514,44,2106.7114285714283,1465.24,2306.52
SKU0129,Furnishings,Cushions,2025-12-22,2026-02-02,7,47.702131098050614,33.48814392240398,61.5388046438824,52,2106.7114285714283,1465.24,2306.52
SKU0129,Furnishings,Cushions,2025-12-22,2026-02-09,8,47.00310311629501,33.40091191157191,60.94305318599572,48,2106.7114285714283,1465.24,2306.52
SKU0130,Decor,Vases,2025-12-22,2025-12-22,1,55.12507902782167,40.250555134622914,66.5148925855872,72,1585.51,1140.95,1694.26
SKU0130,Decor,Vases,2025-12-22,2025-12-29,2,37.09174156763165,22.978766884027866,48.40031513383808,98,1585.51,1140.95,1694.26
SKU0130,Decor,Vases,2025-12-22,2026-01-05,3,37.09935172373637,23.086177285430114,49.09890272706166,64,1585.51,1140.95,1694.26
SKU0130,Decor,Vases,2025-12-22,2026-01-12,4,28.783771186118514,14.53998720510726,40.16440138518756,28,1585.51,1140.95,1694.26
SKU0130,Decor,Vases,2025-12-22,2026-01-19,5,27.626265995986792,13.178270047185482,39.73959331942718,33,1585.51,1140.95,1694.26
SKU0130,Decor,Vases,2025-12-22,2026-01-26,6,26.458306881004212,12.344110738495157,40.00338438333576,35,1585.51,1140.95,1694.26
SKU0130,Decor,Vases,2025-12-22,2026-02-02,7,24.381355078112996,10.167367902466356,38.21802862394478,21,1585.51,1140.95,1694.26
SKU0130,Decor,Vases,2025-12-22,2026-02-09,8,26.376486654834476,12.774295450111378,40.31643672453519,32,1585.51,1140.95,1694.26
SKU0131,Small Appliances,Kettles,2025-12-22,2025-12-22,1,56.297916430598974,41.42339253740022,67.68772998836451,58,3541.132857142857,2356.24,3718.45
SKU0131,Small Appliances,Kettles,2025-12-22,2025-12-29,2,46.64005034117045,32.52707565756667,57.94862390737687,80,3541.132857142857,2356.24,3718.45
SKU0131,Small Appliances,Kettles,2025-12-22,2026-01-05,3,39.9314927215496,25.918318283243348,51.9310437248749,40,3541.132857142857,2356.24,3718.45
SKU0131,Small Appliances,Kettles,2025-12-22,2026-01-12,4,31.83558945708476,17.591805476073507,43.216219656153804,24,3541.132857142857,2356.24,3718.45
SKU0131,Small Appliances,Kettles,2025-12-22,2026-01-19,5,30.446361141285916,15.998365192484606,42.55968846472631,31,3541.132857142857,2356.24,3718.45
SKU0131,Small Appliances,Kettles,2025-12-22,2026-01-26,6,29.764699307795855,15.6505031652868,43.309776810127396,24,3541.132857142857,2356.24,3718.45
SKU0131,Small Appliances,Kettles,2025-12-22,2026-02-02,7,27.927275667247756,13.713288491601116,41.76394921307954,25,3541.132857142857,2356.24,3718.45
SKU0131,Small Appliances,Kettles,2025-12-22,2026-02-09,8,26.967917622874545,13.365726418151446,40.90786769257525,17,3541.132857142857,2356.24,3718.45
SKU0132,Kitchen,Storage,2025-12-22,2025-12-22,1,12.637483740786935,0.0,24.02729729855246,0,1824.7,1057.76,2082.73
SKU0132,Kitchen,Storage,2025-12-22,2025-12-29,2,8.218198229218247,0.0,19.526771795424672,0,1824.7,1057.76,2082.73
SKU0132,Kitchen,Storage,2025-12-22,2026-01-05,3,8.604444337115002,0.0,20.603995340440296,0,1824.7,1057.76,2082.73
SKU0132,Kitchen,Storage,2025-12-22,2026-01-12,4,8.741512977752931,0.0,20.12214317682197,0,1824.7,1057.76,2082.73
SKU0132,Kitchen,Storage,2025-12-22,2026-01-19,5,8.670394553556239,0.0,20.78372187699663,0,1824.7,1057.76,2082.73
SKU0132,Kitchen,Storage,2025-12-22,2026-01-26,6,8.771378064117384,0.0,22.316455566448923,0,1824.7,1057.76,2082.73
SKU0132,Kitchen,Storage,2025-12-22,2026-02-02,7,8.369203591909164,0.0,22.205877137740952,0,1824.7,1057.76,2082.73
SKU0132,Kitchen,Storage,2025-12-22,2026-02-09,8,7.05301299340269,0.0,20.9929630631034,6,1824.7,1057.76,2082.73
SKU0133,Furnishings,Cushions,2025-12-22,2025-12-22,1,11.221948025292264,0.0,22.611761583057792,14,1213.9642857142858,752.94,1329.43
SKU0133,Furnishings,Cushions,2025-12-22,2025-12-29,2,8.331347948301742,0.0,19.639921514508167,15,1213.9642857142858,752.94,1329.43
SKU0133,Furnishings,Cushions,2025-12-22,2026-01-05,3,7.878209673721085,0.0,19.87776067704638,9,1213.9642857142858,752.94,1329.43
SKU0133,Furnishings,Cushions,2025-12-22,2026-01-12,4,8.450268389613829,0.0,19.83089858868287,16,1213.9642857142858,752.94,1329.43
SKU0133,Furnishings,Cushions,2025-12-22,2026-01-19,5,8.675505690213761,0.0,20.78883301365415,14,1213.9642857142858,752.94,1329.43
SKU0133,Furnishings,Cushions,2025-12-22,2026-01-26,6,8.036231858801735,0.0,21.581309361133275,10,1213.9642857142858,752.94,1329.43
SKU0133,Furnishings,Cushions,2025-12-22,2026-02-02,7,8.119855560833324,0.0,21.956529106665112,10,1213.9642857142858,752.94,1329.43
SKU0133,Furnishings,Cushions,2025-12-22,2026-02-09,8,8.748676930222821,0.0,22.68862699992353,13,1213.9642857142858,752.94,1329.43
SKU0134,Decor,Wall Art,2025-12-22,2025-12-22,1,26.122422329141273,11.247898435942519,37.5122358869068,26,2893.7057142857143,1615.8,3060.6
SKU0134,Decor,Wall Art,2025-12-22,2025-12-29,2,25.315150578727703,11.202175895123919,36.62372414493413,36,2893.7057142857143,1615.8,3060.6
SKU0134,Decor,Wall Art,2025-12-22,2026-01-05,3,22.26782647569754,8.254652037391285,34.267377479022834,28,2893.7057142857143,1615.8,3060.6
SKU0134,Decor,Wall Art,2025-12-22,2026-01-12,4,18.630129306648215,4.38634532563696,30.010759505717257,17,2893.7057142857143,1615.8,3060.6
SKU0134,Decor,Wall Art,2025-12-22,2026-01-19,5,18.40859317409986,3.9605972252985495,30.52192049754025,19,2893.7057142857143,1615.8,3060.6
SKU0134,Decor,Wall Art,2025-12-22,2026-01-26,6,18.950793471895214,4.836597329386159,32.495870974226754,17,2893.7057142857143,1615.8,3060.6
SKU0134,Decor,Wall Art,2025-12-22,2026-02-02,7,19.592130465351527,5.378143289704887,33.42880401118332,20,2893.7057142857143,1615.8,3060.6
SKU0134,Decor,Wall Art,2025-12-22,2026-02-09,8,19.51350834489527,5.911317140172173,33.453458414595985,18,2893.7057142857143,1615.8,3060.6
SKU0135,Small Appliances,Blenders,2025-12-22,2025-12-22,1,221.0029604302231,206.12843653702436,232.39277398798865,244,1211.9142857142856,606.66,1277.61
SKU0135,Small Appliances,Blenders,2025-12-22,2025-12-29,2,170.41880920890088,156.3058345252971,181.72738277510732,300,1211.9142857142856,606.66,1277.61
SKU0135,Small Appliances,Blenders,2025-12-22,2026-01-05,3,156.89098477613385,142.87781033782758,168.89053577945913,202,1211.9142857142856,606.66,1277.61
SKU0135,Small Appliances,Blenders,2025-12-22,2026-01-12,4,144.00854177945104,129.76475779843977,155.38917197852007,156,1211.9142857142856,606.66,1277.61
SKU0135,Small Appliances,Blenders,2025-12-22,2026-01-19,5,140.58150934007537,126.13351339127406,152.69483666351576,142,1211.9142857142856,606.66,1277.61
SKU0135,Small Appliances,Blenders,2025-12-22,2026-01-26,6,140.99126694551748,126.87707080300842,154.53634444784902,154,1211.9142857142856,606.66,1277.61
SKU0135,Small Appliances,Blenders,2025-12-22,2026-02-02,7,145.16708917098197,130.95310199533532,159.00376271681375,159,1211.9142857142856,606.66,1277.61
SKU0135,Small Appliances,Blenders,2025-12-22,2026-02-09,8,144.24512028226945,130.64292907754634,158.18507035197015,165,1211.9142857142856,606.66,1277.61
SKU0136,Kitchen,Tableware,2025-12-22,2025-12-22,1,8.107647291800863,0.0,19.49746084956639,9,1911.6985714285715,1092.53,2151.15
SKU0136,Kitchen,Tableware,2025-12-22,2025-12-29,2,6.6637903546500254,0.0,17.97236392085645,22,1911.6985714285715,1092.53,2151.15
SKU0136,Kitchen,Tableware,2025-12-22,2026-01-05,3,6.177726140077352,0.0,18.177277143402648,12,1911.6985714285715,1092.53,2151.15
SKU0136,Kitchen,Tableware,2025-12-22,2026-01-12,4,5.047376139203531,0.0,16.428006338272574,3,1911.6985714285715,1092.53,2151.15
SKU0136,Kitchen,Tableware,2025-12-22,2026-01-19,5,5.048838954615416,0.0,17.162166278055807,10,1911.6985714285715,1092.53,2151.15
SKU0136,Kitchen,Tableware,2025-12-22,2026-01-26,6,5.1025175081796785,0.0,18.647595010511218,5,1911.6985714285715,1092.53,2151.15
SKU0136,Kitchen,Tableware,2025-12-22,2026-02-02,7,4.343785107198067,0.0,18.180458653029856,5,1911.6985714285715,1092.53,2151.15
SKU0136,Kitchen,Tableware,2025-12-22,2026-02-09,8,4.622081353821707,0.0,18.562031423522416,3,1911.6985714285715,1092.53,2151.15
SKU0137,Furnishings,Cushions,2025-12-22,2025-12-22,1,44.539344077293585,29.66482018409483,55.92915763505911,38,2797.5,1465.35,3046.35
SKU0137,Furnishings,Cushions,2025-12-22,2025-12-29,2,46.07460969318903,31.961635009585248,57.38318325939545,78,2797.5,1465.35,3046.35
SKU0137,Furnishings,Cushions,2025-12-22,2026-01-05,3,40.169377281119374,26.15620284281312,52.16892828444467,38,2797.5,1465.35,3046.35
SKU0137,Furnishings,Cushions,2025-12-22,2026-01-12,4,31.24666410876429,17.002880127753034,42.62729430783333,24,2797.5,1465.35,3046.35
SKU0137,Furnishings,Cushions,2025-12-22,2026-01-19,5,28.234195486597066,13.786199537795756,40.347522810037454,25,2797.5,1465.35,3046.35
SKU0137,Furnishings,Cushions,2025-12-22,2026-01-26,6,27.80226696738826,13.688070824879205,41.3473444697198,16,2797.5,1465.35,3046.35
SKU0137,Furnishings,Cushions,2025-12-22,2026-02-02,7,29.507841819670688,15.293854644024048,43.344515365502474,31,2797.5,1465.35,3046.35
SKU0137,Furnishings,Cushions,2025-12-22,2026-02-09,8,30.694691534853618,17.09250033013052,44.63464160455433,24,2797.5,1465.35,3046.35
SKU0138,Decor,Vases,2025-12-22,2025-12-22,1,14.675304585421191,0.0,26.06511814318672,17,2747.452857142857,1658.89,2951.92
SKU0138,Decor,Vases,2025-12-22,2025-12-29,2,12.41553468829896,0.0,23.72410825450538,30,2747.452857142857,1658.89,2951.92
SKU0138,Decor,Vases,2025-12-22,2026-01-05,3,10.97127786553171,0.0,22.970828868857005,15,2747.452857142857,1658.89,2951.92
SKU0138,Decor,Vases,2025-12-22,2026-01-12,4,9.706284475721745,0.0,21.086914674790787,13,2747.452857142857,1658.89,2951.92
SKU0138,Decor,Vases,2025-12-22,2026-01-19,5,9.232779008205592,0.0,21.34610633164598,12,2747.452857142857,1658.89,2951.92
SKU0138,Decor,Vases,2025-12-22,2026-01-26,6,8.72430705516448,0.0,22.26938455749602,9,2747.452857142857,1658.89,2951.92
SKU0138,Decor,Vases,2025-12-22,2026-02-02,7,8.83457905809838,0.0,22.671252603930167,10,2747.452857142857,1658.89,2951.92
SKU0138,Decor,Vases,2025-12-22,2026-02-09,8,9.321205748255887,0.0,23.2611558179566,11,2747.452857142857,1658.89,2951.92
SKU0139,Small Appliances,Blenders,2025-12-22,2025-12-22,1,62.58543402110724,47.710910127908484,73.97524757887277,60,2409.092857142857,1408.93,2701.91
SKU0139,Small Appliances,Blenders,2025-12-22,2025-12-29,2,49.97529728354741,35.862322599943624,61.28387084975384,73,2409.092857142857,1408.93,2701.91
SKU0139,Small Appliances,Blenders,2025-12-22,2026-01-05,3,47.065501409110155,33.052326970803904,59.06505241243545,52,2409.092857142857,1408.93,2701.91
SKU0139,Small Appliances,Blenders,2025-12-22,2026-01-12,4,37.46412299818446,23.220339017173202,48.844753197253496,30,2409.092857142857,1408.93,2701.91
SKU0139,Small Appliances,Blenders,2025-12-22,2026-01-19,5,39.03317105853717,24.58517510973586,51.14649838197756,41,2409.092857142857,1408.93,2701.91
SKU0139,Small Appliances,Blenders,2025-12-22,2026-01-26,6,43.745061617763035,29.63086547525398,57.29013912009458,48,2409.092857142857,1408.93,2701.91
SKU0139,Small Appliances,Blenders,2025-12-22,2026-02-02,7,47.83868600862567,33.624698832979036,61.67535955445746,52,2409.092857142857,1408.93,2701.91
SKU0139,Small Appliances,Blenders,2025-12-22,2026-02-09,8,45.01066249634599,31.408471291622888,58.9506125660467,48,2409.092857142857,1408.93,2701.91
SKU0140,Kitchen,Storage,2025-12-22,2025-12-22,1,13.818399231955476,0.0,25.208212789721003,22,2735.2085714285718,1320.83,3016.84
SKU0140,Kitchen,Storage,2025-12-22,2025-12-29,2,10.097078085342945,0.0,21.40565165154937,22,2735.2085714285718,1320.83,3016.84
SKU0140,Kitchen,Storage,2025-12-22,2026-01-05,3,8.530230010861866,0.0,20.529781014187158,11,2735.2085714285718,1320.83,3016.84
SKU0140,Kitchen,Storage,2025-12-22,2026-01-12,4,7.664436167020762,0.0,19.045066366089806,6,2735.2085714285718,1320.83,3016.84
SKU0140,Kitchen,Storage,2025-12-22,2026-01-19,5,8.05691441463503,0.0,20.17024173807542,12,2735.2085714285718,1320.83,3016.84
SKU0140,Kitchen,Storage,2025-12-22,2026-01-26,6,8.146676838069313,0.0,21.691754340400855,9,2735.2085714285718,1320.83,3016.84
SKU0140,Kitchen,Storage,2025-12-22,2026-02-02,7,8.339486411737285,0.0,22.176159957569073,11,2735.2085714285718,1320.83,3016.84
SKU0140,Kitchen,Storage,2025-12-22,2026-02-09,8,8.97134112322197,0.0,22.911291192922683,11,2735.2085714285718,1320.83,3016.84
SKU0141,Furnishings,Throws,2025-12-22,2025-12-22,1,23.303423163576902,8.428899270378148,34.69323672134243,27,4186.368571428571,2308.96,4627.99
SKU0141,Furnishings,Throws,2025-12-22,2025-12-29,2,20.1330632789121,6.020088595308316,31.441636845118524,31,4186.368571428571,2308.96,4627.99
SKU0141,Furnishings,Throws,2025-12-22,2026-01-05,3,16.40350473657172,2.3903302982654644,28.403055739897013,16,4186.368571428571,2308.96,4627.99
SKU0141,Furnishings,Throws,2025-12-22,2026-01-12,4,14.693149429504865,0.4493654484936105,26.07377962857391,19,4186.368571428571,2308.96,4627.99
SKU0141,Furnishings,Throws,2025-12-22,2026-01-19,5,14.386811741766808,0.0,26.500139065207197,12,4186.368571428571,2308.96,4627.99
SKU0141,Furnishings,Throws,2025-12-22,2026-01-26,6,12.104018579127956,0.0,25.649096081459497,14,4186.368571428571,2308.96,4627.99
SKU0141,Furnishings,Throws,2025-12-22,2026-02-02,7,11.933900868899464,0.0,25.77057441473125,7,4186.368571428571,2308.96,4627.99
SKU0141,Furnishings,Throws,2025-12-22,2026-02-09,8,11.8325003715182,0.0,25.77245044121891,13,4186.368571428571,2308.96,4627.99
SKU0142,Decor,Candles,2025-12-22,2025-12-22,1,23.771074486589008,8.896550593390254,35.160888044354536,29,1765.412857142857,840.97,2022.41
SKU0142,Decor,Candles,2025-12-22,2025-12-29,2,20.110572396232975,5.99759771262919,31.419145962439398,35,1765.412857142857,840.97,2022.41
SKU0142,Decor,Candles,2025-12-22,2026-01-05,3,19.759943609451014,5.746769171144759,31.759494612776308,31,1765.412857142857,840.97,2022.41
SKU0142,Decor,Candles,2025-12-22,2026-01-12,4,15.445048811519811,1.2012648305085563,26.825679010588853,19,1765.412857142857,840.97,2022.41
SKU0142,Decor,Candles,2025-12-22,2026-01-19,5,18.24782909926764,3.7998331504663305,30.361156422708028,22,1765.412857142857,840.97,2022.41
SKU0142,Decor,Candles,2025-12-22,2026-01-26,6,20.927760053627168,6.813563911118113,34.472837555958705,41,1765.412857142857,840.97,2022.41
SKU0142,Decor,Candles,2025-12-22,2026-02-02,7,20.400061456202913,6.186074280556273,34.2367350020347,24,1765.412857142857,840.97,2022.41
SKU0142,Decor,Candles,2025-12-22,2026-02-09,8,18.978554964741164,5.376363760018066,32.91850503444188,32,1765.412857142857,840.97,2022.41
SKU0143,Small Appliances,Lamps,2025-12-22,2025-12-22,1,110.52672614569993,95.65220225250117,121.91653970346545,102,473.4342857142857,360.37,535.68
SKU0143,Small Appliances,Lamps,2025-12-22,2025-12-29,2,94.05737018245777,79.94439549885399,105.3659437486642,206,473.4342857142857,360.37,535.68
SKU0143,Small Appliances,Lamps,2025-12-22,2026-01-05,3,90.17521777493583,76.16204333662958,102.17476877826113,105,473.4342857142857,360.37,535.68
SKU0143,Small Appliances,Lamps,2025-12-22,2026-01-12,4,66.57391034253118,52.33012636151992,77.95454054160022,48,473.4342857142857,360.37,535.68
SKU0143,Small Appliances,Lamps,2025-12-22,2026-01-19,5,63.660859411316416,49.2128634625151,75.77418673475681,58,473.4342857142857,360.37,535.68
SKU0143,Small Appliances,Lamps,2025-12-22,2026-01-26,6,63.60559104099045,49.49139489848139,77.15066854332198,56,473.4342857142857,360.37,535.68
SKU0143,Small Appliances,Lamps,2025-12-22,2026-02-02,7,61.84629256773833,47.632305392091695,75.68296611357012,52,473.4342857142857,360.37,535.68
SKU0143,Small Appliances,Lamps,2025-12-22,2026-02-09,8,63.80296708908078,50.20077588435768,77.7429171587815,62,473.4342857142857,360.37,535.68
SKU0144,Kitchen,Tableware,2025-12-22,2025-12-22,1,33.2532806713812,18.378756778182442,44.643094229146726,43,1212.0814285714284,759.08,1367.07
SKU0144,Kitchen,Tableware,2025-12-22,2025-12-29,2,30.170232519590414,16.05725783598663,41.47880608579683,54,1212.0814285714284,759.08,1367.07
SKU0144,Kitchen,Tableware,2025-12-22,2026-01-05,3,29.09561348500037,15.082439046694116,41.095164488325665,42,1212.0814285714284,759.08,1367.07
SKU0144,Kitchen,Tableware,2025-12-22,2026-01-12,4,24.90656371940799,10.662779738396736,36.28719391847703,29,1212.0814285714284,759.08,1367.07
SKU0144,Kitchen,Tableware,2025-12-22,2026-01-19,5,20.125061512287733,5.677065563486423,32.238388835728124,21,1212.0814285714284,759.08,1367.07
SKU0144,Kitchen,Tableware,2025-12-22,2026-01-26,6,20.489633642742145,6.37543750023309,34.034711145073686,22,1212.0814285714284,759.08,1367.07
SKU0144,Kitchen,Tableware,2025-12-22,2026-02-02,7,19.51960752904694,5.3056203534003,33.35628107487873,21,1212.0814285714284,759.08,1367.07
SKU0144,Kitchen,Tableware,2025-12-22,2026-02-09,8,20.397508995716226,6.795317790993128,34.33745906541694,19,1212.0814285714284,759.08,1367.07
SKU0145,Furnishings,Cushions,2025-12-22,2025-12-22,1,108.56498169161874,93.69045779841998,119.95479524938426,114,1763.7528571428572,839.62,1923.76
SKU0145,Furnishings,Cushions,2025-12-22,2025-12-29,2,109.59517574051023,95.48220105690645,120.90374930671665,154,1763.7528571428572,839.62,1923.76
SKU0145,Furnishings,Cushions,2025-12-22,2026-01-05,3,110.35593016937199,96.34275573106574,122.35548117269728,114,1763.7528571428572,839.62,1923.76
SKU0145,Furnishings,Cushions,2025-12-22,2026-01-12,4,82.04995721924517,67.80617323823392,93.43058741831422,63,1763.7528571428572,839.62,1923.76
SKU0145,Furnishings,Cushions,2025-12-22,2026-01-19,5,81.92693653665542,67.47894058785411,94.0402638600958,75,1763.7528571428572,839.62,1923.76
SKU0145,Furnishings,Cushions,2025-12-22,2026-01-26,6,81.92708863187343,67.81289248936437,95.47216613420497,72,1763.7528571428572,839.62,1923.76
SKU0145,Furnishings,Cushions,2025-12-22,2026-02-02,7,92.16823388729588,77.95424671164925,106.00490743312767,92,1763.7528571428572,839.62,1923.76
SKU0145,Furnishings,Cushions,2025-12-22,2026-02-09,8,88.61282978677484,75.01063858205174,102.55277985647555,78,1763.7528571428572,839.62,1923.76
SKU0146,Decor,Wall Art,2025-12-22,2025-12-22,1,11.380595784460235,0.0,22.77040934222576,10,3674.7957142857135,2152.85,3975.7
SKU0146,Decor,Wall Art,2025-12-22,2025-12-29,2,8.524527790567511,0.0,19.833101356773934,13,3674.7957142857135,2152.85,3975.7
SKU0146,Decor,Wall Art,2025-12-22,2026-01-05,3,8.430784059519958,0.0,20.430335062845252,9,3674.7957142857135,2152.85,3975.7
SKU0146,Decor,Wall Art,2025-12-22,2026-01-12,4,7.957430003614033,0.0,19.338060202683074,8,3674.7957142857135,2152.85,3975.7
SKU0146,Decor,Wall Art,2025-12-22,2026-01-19,5,8.087824423819953,0.0,20.20115174726034,6,3674.7957142857135,2152.85,3975.7
SKU0146,Decor,Wall Art,2025-12-22,2026-01-26,6,8.618735294469747,0.0,22.163812796801288,9,3674.7957142857135,2152.85,3975.7
SKU0146,Decor,Wall Art,2025-12-22,2026-02-02,7,9.02961813505701,0.0,22.8662916808888,11,3674.7957142857135,2152.85,3975.7
SKU0146,Decor,Wall Art,2025-12-22,2026-02-09,8,8.466893380192355,0.0,22.406843449893067,6,3674.7957142857135,2152.85,3975.7
SKU0147,Small Appliances,Kettles,2025-12-22,2025-12-22,1,11.904991975739899,0.0,23.294805533505425,12,604.7171428571428,369.61,679.31
SKU0147,Small Appliances,Kettles,2025-12-22,2025-12-29,2,11.447605869975115,0.0,22.75617943618154,20,604.7171428571428,369.61,679.31
SKU0147,Small Appliances,Kettles,2025-12-22,2026-01-05,3,9.68833228993459,0.0,21.687883293259883,11,604.7171428571428,369.61,679.31
SKU0147,Small Appliances,Kettles,2025-12-22,2026-01-12,4,8.527971462473014,0.0,19.908601661542058,9,604.7171428571428,369.61,679.31
SKU0147,Small Appliances,Kettles,2025-12-22,2026-01-19,5,8.295306922004158,0.0,20.408634245444546,8,604.7171428571428,369.61,679.31
SKU0147,Small Appliances,Kettles,2025-12-22,2026-01-26,6,7.22208130852275,0.0,20.76715881085429,7,604.7171428571428,369.61,679.31
SKU0147,Small Appliances,Kettles,2025-12-22,2026-02-02,7,7.51957169937193,0.0,21.356245245203716,6,604.7171428571428,369.61,679.31
SKU0147,Small Appliances,Kettles,2025-12-22,2026-02-09,8,7.731051008256958,0.0,21.67100107795767,9,604.7171428571428,369.61,679.31
SKU0148,Kitchen,Storage,2025-12-22,2025-12-22,1,153.54966237246938,138.67513847927063,164.93947593023492,140,5452.532857142857,2489.02,5790.77
SKU0148,Kitchen,Storage,2025-12-22,2025-12-29,2,126.60568770717344,112.49271302356966,137.91426127337988,207,5452.532857142857,2489.02,5790.77
SKU0148,Kitchen,Storage,2025-12-22,2026-01-05,3,128.88580838808758,114.87263394978133,140.88535939141286,138,5452.532857142857,2489.02,5790.77
SKU0148,Kitchen,Storage,2025-12-22,2026-01-12,4,124.11785492643722,109.87407094542596,135.49848512550625,129,5452.532857142857,2489.02,5790.77
SKU0148,Kitchen,Storage,2025-12-22,2026-01-19,5,125.4174621321627,110.96946618336139,137.5307894556031,117,5452.532857142857,2489.02,5790.77
SKU0148,Kitchen,Storage,2025-12-22,2026-01-26,6,126.70662656834303,112.59243042583397,140.25170407067458,120,5452.532857142857,2489.02,5790.77
SKU0148,Kitchen,Storage,2025-12-22,2026-02-02,7,127.6913376174951,113.47735044184846,141.52801116332688,119,5452.532857142857,2489.02,5790.77
SKU0148,Kitchen,Storage,2025-12-22,2026-02-09,8,127.97642593851458,114.37423473379148,141.91637600821528,125,5452.532857142857,2489.02,5790.77
SKU0149,Furnishings,Rugs,2025-12-22,2025-12-22,1,13.47325587368308,0.0,24.863069431448608,13,3066.5371428571425,1787.08,3333.64
SKU0149,Furnishings,Rugs,2025-12-22,2025-12-29,2,11.679257131598414,0.0,22.98783069780484,22,3066.5371428571425,1787.08,3333.64
SKU0149,Furnishings,Rugs,2025-12-22,2026-01-05,3,10.83828935689945,0.0,22.837840360224746,15,3066.5371428571425,1787.08,3333.64
SKU0149,Furnishings,Rugs,2025-12-22,2026-01-12,4,8.445835861994981,0.0,19.826466061064025,7,3066.5371428571425,1787.08,3333.64
SKU0149,Furnishings,Rugs,2025-12-22,2026-01-19,5,7.273611487656744,0.0,19.38693881109713,5,3066.5371428571425,1787.08,3333.64
SKU0149,Furnishings,Rugs,2025-12-22,2026-01-26,6,7.234058219634118,0.0,20.77913572196566,7,3066.5371428571425,1787.08,3333.64
SKU0149,Furnishings,Rugs,2025-12-22,2026-02-02,7,7.878441750151911,0.0,21.7151152959837,5,3066.5371428571425,1787.08,3333.64
SKU0149,Furnishings,Rugs,2025-12-22,2026-02-09,8,8.22266006121465,0.0,22.16261013091536,8,3066.5371428571425,1787.08,3333.64
SKU0150,Decor,Wall Art,2025-12-22,2025-12-22,1,32.15677460258016,17.2822507093814,43.546588160345685,38,156.1542857142857,105.96,174.93
SKU0150,Decor,Wall Art,2025-12-22,2025-12-29,2,28.27118726113448,14.158212577530694,39.579760827340905,45,156.1542857142857,105.96,174.93
SKU0150,Decor,Wall Art,2025-12-22,2026-01-05,3,21.14844676761232,7.135272329306066,33.147997770937614,21,156.1542857142857,105.96,174.93
SKU0150,Decor,Wall Art,2025-12-22,2026-01-12,4,20.010030694000356,5.766246712989101,31.3906608930694,22,156.1542857142857,105.96,174.93
SKU0150,Decor,Wall Art,2025-12-22,2026-01-19,5,17.23686984724417,2.7888738984428585,29.35019717068456,16,156.1542857142857,105.96,174.93
SKU0150,Decor,Wall Art,2025-12-22,2026-01-26,6,16.01978624937125,1.9055901068621957,29.56486375170279,15,156.1542857142857,105.96,174.93
SKU0150,Decor,Wall Art,2025-12-22,2026-02-02,7,15.418097269731163,1.2041100940845233,29.25477081556295,10,156.1542857142857,105.96,174.93
SKU0150,Decor,Wall Art,2025-12-22,2026-02-09,8,15.827523196923746,2.2253319922006476,29.767473266624457,18,156.1542857142857,105.96,174.93
SKU0151,Small Appliances,Blenders,2025-12-22,2025-12-22,1,23.113312171417444,8.23878827821869,34.50312572918297,22,1025.5128571428572,481.49,1157.29
SKU0151,Small Appliances,Blenders,2025-12-22,2025-12-29,2,20.061356963710463,5.948382280106678,31.369930529916886,43,1025.5128571428572,481.49,1157.29
SKU0151,Small Appliances,Blenders,2025-12-22,2026-01-05,3,16.476609093743956,2.463434655437702,28.47616009706925,20,1025.5128571428572,481.49,1157.29
SKU0151,Small Appliances,Blenders,2025-12-22,2026-01-12,4,13.347460950065713,0.0,24.728091149134755,16,1025.5128571428572,481.49,1157.29
SKU0151,Small Appliances,Blenders,2025-12-22,2026-01-19,5,13.258680423811501,0.0,25.372007747251892,13,1025.5128571428572,481.49,1157.29
SKU0151,Small Appliances,Blenders,2025-12-22,2026-01-26,6,12.843618294875636,0.0,26.388695797207177,16,1025.5128571428572,481.49,1157.29
SKU0151,Small Appliances,Blenders,2025-12-22,2026-02-02,7,13.197232115489511,0.0,27.0339056613213,12,1025.5128571428572,481.49,1157.29
SKU0151,Small Appliances,Blenders,2025-12-22,2026-02-09,8,13.118618638380077,0.0,27.058568708080788,15,1025.5128571428572,481.49,1157.29
SKU0152,Kitchen,Cookware,2025-12-22,2025-12-22,1,26.133388405906707,11.258864512707953,37.523201963672236,29,3231.492857142857,1425.45,3430.89
SKU0152,Kitchen,Cookware,2025-12-22,2025-12-29,2,24.040611236235943,9.927636552632158,35.349184802442366,43,3231.492857142857,1425.45,3430.89
SKU0152,Kitchen,Cookware,2025-12-22,2026-01-05,3,18.946071806813976,4.932897368507721,30.94562281013927,18,3231.492857142857,1425.45,3430.89
SKU0152,Kitchen,Cookware,2025-12-22,2026-01-12,4,18.540627700303205,4.2968437192919495,29.921257899372247,23,3231.492857142857,1425.45,3430.89
SKU0152,Kitchen,Cookware,2025-12-22,2026-01-19,5,18.599497212711547,4.151501263910237,30.712824536151935,19,3231.492857142857,1425.45,3430.89
SKU0152,Kitchen,Cookware,2025-12-22,2026-01-26,6,19.919702474361475,5.8055063318524205,33.464779976693016,26,3231.492857142857,1425.45,3430.89
SKU0152,Kitchen,Cookware,2025-12-22,2026-02-02,7,19.997341408954526,5.783354233307886,33.83401495478631,22,3231.492857142857,1425.45,3430.89
SKU0152,Kitchen,Cookware,2025-12-22,2026-02-09,8,20.10782389154664,6.505632686823542,34.04777396124735,22,3231.492857142857,1425.45,3430.89
SKU0153,Furnishings,Throws,2025-12-22,2025-12-22,1,34.294518422860456,19.4199945296617,45.684331980625984,38,1937.4814285714283,1164.75,2179.35
SKU0153,Furnishings,Throws,2025-12-22,2025-12-29,2,30.45663642028827,16.343661736684485,41.765209986494696,58,1937.4814285714283,1164.75,2179.35
SKU0153,Furnishings,Throws,2025-12-22,2026-01-05,3,27.698189353280682,13.685014914974428,39.697740356605976,31,1937.4814285714283,1164.75,2179.35
SKU0153,Furnishings,Throws,2025-12-22,2026-01-12,4,21.446285584424103,7.202501603412848,32.82691578349315,21,1937.4814285714283,1164.75,2179.35
SKU0153,Furnishings,Throws,2025-12-22,2026-01-19,5,19.971517638929452,5.523521690128142,32.08484496236984,22,1937.4814285714283,1164.75,2179.35
SKU0153,Furnishings,Throws,2025-12-22,2026-01-26,6,18.82606787255914,4.711871730050085,32.37114537489068,15,1937.4814285714283,1164.75,2179.35
SKU0153,Furnishings,Throws,2025-12-22,2026-02-02,7,18.749853776563675,4.535866600917036,32.58652732239546,16,1937.4814285714283,1164.75,2179.35
SKU0153,Furnishings,Throws,2025-12-22,2026-02-09,8,21.228123633765122,7.625932429042024,35.168073703465836,25,1937.4814285714283,1164.75,2179.35
SKU0154,Decor,Wall Art,2025-12-22,2025-12-22,1,189.49802525197583,174.62350135877708,200.88783880974137,200,2026.79,1129.75,2217.92
SKU0154,Decor,Wall Art,2025-12-22,2025-12-29,2,163.57492071582502,149.46194603222122,174.88349428203145,237,2026.79,1129.75,2217.92
SKU0154,Decor,Wall Art,2025-12-22,2026-01-05,3,147.24877167195726,133.235597233651,159.24832267528257,149,2026.79,1129.75,2217.92
SKU0154,Decor,Wall Art,2025-12-22,2026-01-12,4,124.69608301849205,110.4522990374808,136.0767132175611,118,2026.79,1129.75,2217.92
SKU0154,Decor,Wall Art,2025-12-22,2026-01-19,5,122.57806395776672,108.13006800896541,134.6913912812071,108,2026.79,1129.75,2217.92
SKU0154,Decor,Wall Art,2025-12-22,2026-01-26,6,120.60917490327662,106.49497876076757,134.15425240560816,104,2026.79,1129.75,2217.92
SKU0154,Decor,Wall Art,2025-12-22,2026-02-02,7,123.71958702545723,109.5055998498106,137.55626057128902,107,2026.79,1129.75,2217.92
SKU0154,Decor,Wall Art,2025-12-22,2026-02-09,8,124.39678414733466,110.79459294261156,138.33673421703537,116,2026.79,1129.75,2217.92
SKU0155,Small Appliances,Lamps,2025-12-22,2025-12-22,1,11.761116494908839,0.0,23.15093005267437,16,1224.94,517.84,1288.66
SKU0155,Small Appliances,Lamps,2025-12-22,2025-12-29,2,10.076307932356691,0.0,21.384881498563114,18,1224.94,517.84,1288.66
SKU0155,Small Appliances,Lamps,2025-12-22,2026-01-05,3,8.594728509717223,0.0,20.594279513042515,12,1224.94,517.84,1288.66
SKU0155,Small Appliances,Lamps,2025-12-22,2026-01-12,4,7.189744626047336,0.0,18.570374825116378,7,1224.94,517.84,1288.66
SKU0155,Small Appliances,Lamps,2025-12-22,2026-01-19,5,6.880270728702397,0.0,18.993598052142787,7,1224.94,517.84,1288.66
SKU0155,Small Appliances,Lamps,2025-12-22,2026-01-26,6,6.2803043532350795,0.0,19.82538185556662,6,1224.94,517.84,1288.66
SKU0155,Small Appliances,Lamps,2025-12-22,2026-02-02,7,6.951975399780175,0.0,20.788648945611964,5,1224.94,517.84,1288.66
SKU0155,Small Appliances,Lamps,2025-12-22,2026-02-09,8,7.805581171041424,0.0,21.745531240742135,10,1224.94,517.84,1288.66
SKU0156,Kitchen,Cookware,2025-12-22,2025-12-22,1,21.05190136518793,6.1773774719891765,32.44171492295346,25,1375.892857142857,786.78,1564.31
SKU0156,Kitchen,Cookware,2025-12-22,2025-12-29,2,14.557031671390298,0.4440569877865137,25.86560523759672,25,1375.892857142857,786.78,1564.31
SKU0156,Kitchen,Cookware,2025-12-22,2026-01-05,3,13.01052435085786,0.0,25.010075354183154,18,1375.892857142857,786.78,1564.31
SKU0156,Kitchen,Cookware,2025-12-22,2026-01-12,4,10.821059032730465,0.0,22.201689231799506,9,1375.892857142857,786.78,1564.31
SKU0156,Kitchen,Cookware,2025-12-22,2026-01-19,5,9.596585915571653,0.0,21.709913239012042,10,1375.892857142857,786.78,1564.31
SKU0156,Kitchen,Cookware,2025-12-22,2026-01-26,6,8.390187938635894,0.0,21.935265440967434,4,1375.892857142857,786.78,1564.31
SKU0156,Kitchen,Cookware,2025-12-22,2026-02-02,7,8.959900655251193,0.0,22.796574201082983,5,1375.892857142857,786.78,1564.31
SKU0156,Kitchen,Cookware,2025-12-22,2026-02-09,8,10.249454135674405,0.0,24.189404205375116,11,1375.892857142857,786.78,1564.31
SKU0157,Furnishings,Rugs,2025-12-22,2025-12-22,1,149.66819950260515,134.7936756094064,161.05801306037068,188,436.2457142857143,283.56,479.9
SKU0157,Furnishings,Rugs,2025-12-22,2025-12-29,2,114.45470593023785,100.34173124663407,125.76327949644427,219,436.2457142857143,283.56,479.9
SKU0157,Furnishings,Rugs,2025-12-22,2026-01-05,3,115.39048579327492,101.37731135496867,127.39003679660021,166,436.2457142857143,283.56,479.9
SKU0157,Furnishings,Rugs,2025-12-22,2026-01-12,4,109.07209216627629,94.82830818526503,120.45272236534534,123,436.2457142857143,283.56,479.9
SKU0157,Furnishings,Rugs,2025-12-22,2026-01-19,5,90.8570641190091,76.40906817020779,102.97039144244948,94,436.2457142857143,283.56,479.9
SKU0157,Furnishings,Rugs,2025-12-22,2026-01-26,6,105.34069443194693,91.22649828943787,118.88577193427847,124,436.2457142857143,283.56,479.9
SKU0157,Furnishings,Rugs,2025-12-22,2026-02-02,7,105.69312065726889,91.47913348162226,119.52979420310068,115,436.2457142857143,283.56,479.9
SKU0157,Furnishings,Rugs,2025-12-22,2026-02-09,8,92.3401356493241,78.737944444601,106.28008571902481,101,436.2457142857143,283.56,479.9
SKU0158,Decor,Vases,2025-12-22,2025-12-22,1,188.5253020725267,173.65077817932794,199.91511563029223,207,3104.9614285714283,1622.96,3536.4
SKU0158,Decor,Vases,2025-12-22,2025-12-29,2,170.20156029510565,156.08858561150186,181.51013386131208,262,3104.9614285714283,1622.96,3536.4
SKU0158,Decor,Vases,2025-12-22,2026-01-05,3,149.40866771800515,135.39549327969888,161.40821872133046,148,3104.9614285714283,1622.96,3536.4
SKU0158,Decor,Vases,2025-12-22,2026-01-12,4,128.06606736494967,113.82228338393841,139.4466975640187,115,3104.9614285714283,1622.96,3536.4
SKU0158,Decor,Vases,2025-12-22,2026-01-19,5,132.72476495759798,118.27676900879668,144.83809228103837,131,3104.9614285714283,1622.96,3536.4
SKU0158,Decor,Vases,2025-12-22,2026-01-26,6,124.24168167085027,110.12748552834121,137.78675917318182,129,3104.9614285714283,1622.96,3536.4
SKU0158,Decor,Vases,2025-12-22,2026-02-02,7,119.25360999945288,105.03962282380624,133.09028354528468,103,3104.9614285714283,1622.96,3536.4
SKU0158,Decor,Vases,2025-12-22,2026-02-09,8,106.72852474287326,93.12633353815016,120.66847481257398,98,3104.9614285714283,1622.96,3536.4
SKU0159,Small Appliances,Lamps,2025-12-22,2025-12-22,1,13.589415213777006,0.0,24.979228771542534,17,380.94,220.62,405.93
SKU0159,Small Appliances,Lamps,2025-12-22,2025-12-29,2,9.985120136589385,0.0,21.293693702795807,19,380.94,220.62,405.93
SKU0159,Small Appliances,Lamps,2025-12-22,2026-01-05,3,9.365989039213197,0.0,21.36554004253849,18,380.94,220.62,405.93
SKU0159,Small Appliances,Lamps,2025-12-22,2026-01-12,4,7.66116499988447,0.0,19.041795198953512,7,380.94,220.62,405.93
SKU0159,Small Appliances,Lamps,2025-12-22,2026-01-19,5,7.4294801161205095,0.0,19.5428074395609,7,380.94,220.62,405.93
SKU0159,Small Appliances,Lamps,2025-12-22,2026-01-26,6,8.109950339004332,0.0,21.655027841335873,10,380.94,220.62,405.93
SKU0159,Small Appliances,Lamps,2025-12-22,2026-02-02,7,8.980021428742436,0.0,22.816694974574226,12,380.94,220.62,405.93
SKU0159,Small Appliances,Lamps,2025-12-22,2026-02-09,8,9.940533435711558,0.0,23.88048350541227,16,380.94,220.62,405.93
SKU0160,Kitchen,Tableware,2025-12-22,2025-12-22,1,39.47609264096202,24.601568747763267,50.86590619872755,46,1897.0528571428567,899.06,2169.77
SKU0160,Kitchen,Tableware,2025-12-22,2025-12-29,2,37.24272799750344,23.129753313899652,48.551301563709856,59,1897.0528571428567,899.06,2169.77
SKU0160,Kitchen,Tableware,2025-12-22,2026-01-05,3,33.68452610120612,19.671351662899863,45.68407710453141,43,1897.0528571428567,899.06,2169.77
SKU0160,Kitchen,Tableware,2025-12-22,2026-01-12,4,27.38620544750409,13.142421466492834,38.76683564657313,30,1897.0528571428567,899.06,2169.77
SKU0160,Kitchen,Tableware,2025-12-22,2026-01-19,5,26.52366514632518,12.075669197523869,38.636992469765566,29,1897.0528571428567,899.06,2169.77
SKU0160,Kitchen,Tableware,2025-12-22,2026-01-26,6,23.513897998658702,9.399701856149647,37.05897550099024,25,1897.0528571428567,899.06,2169.77
SKU0160,Kitchen,Tableware,2025-12-22,2026-02-02,7,22.584234952206895,8.370247776560255,36.420908498038685,22,1897.0528571428567,899.06,2169.77
SKU0160,Kitchen,Tableware,2025-12-22,2026-02-09,8,21.993014990649144,8.390823785926045,35.93296506034986,21,1897.0528571428567,899.06,2169.77
SKU0161,Furnishings,Throws,2025-12-22,2025-12-22,1,47.70298246071458,32.828458567515824,59.09279601848011,49,4079.085714285714,2141.88,4296.08
SKU0161,Furnishings,Throws,2025-12-22,2025-12-29,2,40.50384376642238,26.390869082818593,51.8124173326288,70,4079.085714285714,2141.88,4296.08
SKU0161,Furnishings,Throws,2025-12-22,2026-01-05,3,33.19034575450626,19.177171316200006,45.189896757831555,35,4079.085714285714,2141.88,4296.08
SKU0161,Furnishings,Throws,2025-12-22,2026-01-12,4,28.167370077425954,13.923586096414699,39.548000276494996,20,4079.085714285714,2141.88,4296.08
SKU0161,Furnishings,Throws,2025-12-22,2026-01-19,5,27.029678852786045,12.581682903984735,39.143006176226436,35,4079.085714285714,2141.88,4296.08
SKU0161,Furnishings,Throws,2025-12-22,2026-01-26,6,24.81904217313093,10.704846030621876,38.364119675462476,14,4079.085714285714,2141.88,4296.08
SKU0161,Furnishings,Throws,2025-12-22,2026-02-02,7,22.67431694283134,8.4603297671847,36.510990488663126,17,4079.085714285714,2141.88,4296.08
SKU0161,Furnishings,Throws,2025-12-22,2026-02-09,8,22.168223149847872,8.566031945124774,36.10817321954858,12,4079.085714285714,2141.88,4296.08
SKU0162,Decor,Wall Art,2025-12-22,2025-12-22,1,48.90900186188268,34.03447796868392,60.29881541964821,54,3200.11,1500.84,3632.53
SKU0162,Decor,Wall Art,2025-12-22,2025-12-29,2,34.89564913237431,20.782674448770525,46.204222698580736,82,3200.11,1500.84,3632.53
SKU0162,Decor,Wall Art,2025-12-22,2026-01-05,3,34.23978380923605,20.226609370929797,46.239334812561346,39,3200.11,1500.84,3632.53
SKU0162,Decor,Wall Art,2025-12-22,2026-01-12,4,25.231248663900526,10.987464682889271,36.61187886296957,21,3200.11,1500.84,3632.53
SKU0162,Decor,Wall Art,2025-12-22,2026-01-19,5,24.099417898050337,9.651421949249027,36.21274522149073,23,3200.11,1500.84,3632.53
SKU0162,Decor,Wall Art,2025-12-22,2026-01-26,6,25.60375603542086,11.489559892911807,39.1488335377524,25,3200.11,1500.84,3632.53
SKU0162,Decor,Wall Art,2025-12-22,2026-02-02,7,26.923968595101258,12.709981419454618,40.760642140933044,30,3200.11,1500.84,3632.53
SKU0162,Decor,Wall Art,2025-12-22,2026-02-09,8,24.919654700547937,11.317463495824839,38.85960477024865,22,3200.11,1500.84,3632.53
SKU0163,Small Appliances,Blenders,2025-12-22,2025-12-22,1,14.704911651347466,0.0,26.094725209112994,18,1853.7271428571428,1179.45,2084.5
SKU0163,Small Appliances,Blenders,2025-12-22,2025-12-29,2,10.740135188394515,0.0,22.048708754600938,29,1853.7271428571428,1179.45,2084.5
SKU0163,Small Appliances,Blenders,2025-12-22,2026-01-05,3,8.994122484809951,0.0,20.993673488135244,12,1853.7271428571428,1179.45,2084.5
SKU0163,Small Appliances,Blenders,2025-12-22,2026-01-12,4,7.529368514053734,0.0,18.909998713122775,8,1853.7271428571428,1179.45,2084.5
SKU0163,Small Appliances,Blenders,2025-12-22,2026-01-19,5,7.797707091106528,0.0,19.91103441454692,10,1853.7271428571428,1179.45,2084.5
SKU0163,Small Appliances,Blenders,2025-12-22,2026-01-26,6,8.688741089716657,0.0,22.2338185920482,13,1853.7271428571428,1179.45,2084.5
SKU0163,Small Appliances,Blenders,2025-12-22,2026-02-02,7,9.332419305707067,0.0,23.169092851538856,17,1853.7271428571428,1179.45,2084.5
SKU0163,Small Appliances,Blenders,2025-12-22,2026-02-09,8,8.608815238096371,0.0,22.548765307797083,8,1853.7271428571428,1179.45,2084.5
SKU0164,Kitchen,Storage,2025-12-22,2025-12-22,1,29.77880119700854,14.904277303809787,41.16861475477407,44,4730.922857142857,2299.96,4961.01
SKU0164,Kitchen,Storage,2025-12-22,2025-12-29,2,19.64441346772067,5.531438784116887,30.952987033927094,57,4730.922857142857,2299.96,4961.01
SKU0164,Kitchen,Storage,2025-12-22,2026-01-05,3,19.961830811658047,5.948656373351792,31.96138181498334,27,4730.922857142857,2299.96,4961.01
SKU0164,Kitchen,Storage,2025-12-22,2026-01-12,4,14.941593599334748,0.6978096183234932,26.32222379840379,15,4730.922857142857,2299.96,4961.01
SKU0164,Kitchen,Storage,2025-12-22,2026-01-19,5,14.076774814277652,0.0,26.190102137718043,12,4730.922857142857,2299.96,4961.01
SKU0164,Kitchen,Storage,2025-12-22,2026-01-26,6,15.958943778939314,1.8447476364302595,29.504021281270855,21,4730.922857142857,2299.96,4961.01
SKU0164,Kitchen,Storage,2025-12-22,2026-02-02,7,15.948530754121984,1.7345435784753445,29.785204299953772,19,4730.922857142857,2299.96,4961.01
SKU0164,Kitchen,Storage,2025-12-22,2026-02-09,8,14.219623166590287,0.6174319618671884,28.159573236290996,11,4730.922857142857,2299.96,4961.01
SKU0165,Furnishings,Cushions,2025-12-22,2025-12-22,1,44.204349508703594,29.329825615504838,55.59416306646912,56,708.3457142857143,543.68,777.35
SKU0165,Furnishings,Cushions,2025-12-22,2025-12-29,2,31.87007825892885,17.757103575325065,43.178651825135276,60,708.3457142857143,543.68,777.35
SKU0165,Furnishings,Cushions,2025-12-22,2026-01-05,3,31.633948542157476,17.620774103851222,43.63349954548277,44,708.3457142857143,543.68,777.35
SKU0165,Furnishings,Cushions,2025-12-22,2026-01-12,4,28.426830572394227,14.183046591382972,39.80746077146327,32,708.3457142857143,543.68,777.35
SKU0165,Furnishings,Cushions,2025-12-22,2026-01-19,5,25.280290419219572,10.832294470418262,37.39361774265996,26,708.3457142857143,543.68,777.35
SKU0165,Furnishings,Cushions,2025-12-22,2026-01-26,6,28.50734475979319,14.393148617284137,42.052422262124736,30,708.3457142857143,543.68,777.35
SKU0165,Furnishings,Cushions,2025-12-22,2026-02-02,7,29.89726801695936,15.683280841312719,43.733941562791145,42,708.3457142857143,543.68,777.35
SKU0165,Furnishings,Cushions,2025-12-22,2026-02-09,8,29.126699172913398,15.5245079681903,43.066649242614105,24,708.3457142857143,543.68,777.35
SKU0166,Decor,Vases,2025-12-22,2025-12-22,1,33.03496267821659,18.16043878501783,44.424776235982115,39,1855.5885714285712,1164.66,2060.33
SKU0166,Decor,Vases,2025-12-22,2025-12-29,2,25.59736965561488,11.484394972011096,36.9059432218213,49,1855.5885714285712,1164.66,2060.33
SKU0166,Decor,Vases,2025-12-22,2026-01-05,3,19.57781175368151,5.564637315375254,31.577362757006803,20,1855.5885714285712,1164.66,2060.33
SKU0166,Decor,Vases,2025-12-22,2026-01-12,4,15.849544156347681,1.6057601753364263,27.23017435541672,18,1855.5885714285712,1164.66,2060.33
SKU0166,Decor,Vases,2025-12-22,2026-01-19,5,15.205379805412411,0.7573838566111011,27.3187071288528,11,1855.5885714285712,1164.66,2060.33
SKU0166,Decor,Vases,2025-12-22,2026-01-26,6,15.689095506420195,1.5748993639111397,29.234173008751736,17,1855.5885714285712,1164.66,2060.33
SKU0166,Decor,Vases,2025-12-22,2026-02-02,7,17.091508779950168,2.877521604303528,30.928182325781954,19,1855.5885714285712,1164.66,2060.33
SKU0166,Decor,Vases,2025-12-22,2026-02-09,8,16.66891445317786,3.0667232484547604,30.60886452287857,16,1855.5885714285712,1164.66,2060.33
SKU0167,Small Appliances,Blenders,2025-12-22,2025-12-22,1,38.896326432330355,24.0218025391316,50.28613999009588,34,1552.1185714285714,752.81,1689.03
SKU0167,Small Appliances,Blenders,2025-12-22,2025-12-29,2,35.48150526010488,21.368530576501097,46.7900788263113,54,1552.1185714285714,752.81,1689.03
SKU0167,Small Appliances,Blenders,2025-12-22,2026-01-05,3,31.433438461000808,17.420264022694553,43.4329894643261,31,1552.1185714285714,752.81,1689.03
SKU0167,Small Appliances,Blenders,2025-12-22,2026-01-12,4,24.11833056776603,9.874546586754775,35.49896076683507,20,1552.1185714285714,752.81,1689.03
SKU0167,Small Appliances,Blenders,2025-12-22,2026-01-19,5,23.580796751774866,9.132800802973556,35.69412407521526,16,1552.1185714285714,752.81,1689.03
SKU0167,Small Appliances,Blenders,2025-12-22,2026-01-26,6,23.960992040258795,9.84679589774974,37.50606954259034,23,1552.1185714285714,752.81,1689.03
SKU0167,Small Appliances,Blenders,2025-12-22,2026-02-02,7,25.51440495170813,11.30041777606149,39.351078497539916,23,1552.1185714285714,752.81,1689.03
SKU0167,Small Appliances,Blenders,2025-12-22,2026-02-09,8,22.886988095579245,9.284796890856146,36.826938165279955,20,1552.1185714285714,752.81,1689.03
SKU0168,Kitchen,Cookware,2025-12-22,2025-12-22,1,120.68937733705197,105.81485344385321,132.0791908948175,155,4789.217142857143,2455.97,5266.65
SKU0168,Kitchen,Cookware,2025-12-22,2025-12-29,2,62.46512352567249,48.3521488420687,73.77369709187892,229,4789.217142857143,2455.97,5266.65
SKU0168,Kitchen,Cookware,2025-12-22,2026-01-05,3,65.14597561867102,51.132801180364766,77.14552662199631,122,4789.217142857143,2455.97,5266.65
SKU0168,Kitchen,Cookware,2025-12-22,2026-01-12,4,57.927317744540346,43.68353376352909,69.30794794360939,69,4789.217142857143,2455.97,5266.65
SKU0168,Kitchen,Cookware,2025-12-22,2026-01-19,5,57.03241995701869,42.58442400821738,69.14574728045908,89,4789.217142857143,2455.97,5266.65
SKU0168,Kitchen,Cookware,2025-12-22,2026-01-26,6,57.528876710142086,43.41468056763303,71.07395421247362,83,4789.217142857143,2455.97,5266.65
SKU0168,Kitchen,Cookware,2025-12-22,2026-02-02,7,59.941317697535446,45.7273305218888,73.77799124336724,83,4789.217142857143,2455.97,5266.65
SKU0168,Kitchen,Cookware,2025-12-22,2026-02-09,8,60.51735757959585,46.915166374872754,74.45730764929657,99,4789.217142857143,2455.97,5266.65
SKU0169,Furnishings,Rugs,2025-12-22,2025-12-22,1,36.97336568218616,22.098841788987407,48.36317923995169,44,4717.929999999999,2266.05,5132.23
SKU0169,Furnishings,Rugs,2025-12-22,2025-12-29,2,32.58055349471153,18.467578811107746,43.88912706091796,59,4717.929999999999,2266.05,5132.23
SKU0169,Furnishings,Rugs,2025-12-22,2026-01-05,3,29.63703847312461,15.623864034818354,41.6365894764499,35,4717.929999999999,2266.05,5132.23
SKU0169,Furnishings,Rugs,2025-12-22,2026-01-12,4,24.43061389340166,10.186829912390404,35.8112440924707,24,4717.929999999999,2266.05,5132.23
SKU0169,Furnishings,Rugs,2025-12-22,2026-01-19,5,21.821449379729984,7.373453430928674,33.93477670317037,26,4717.929999999999,2266.05,5132.23
SKU0169,Furnishings,Rugs,2025-12-22,2026-01-26,6,24.269959966105475,10.15576382359642,37.81503746843701,26,4717.929999999999,2266.05,5132.23
SKU0169,Furnishings,Rugs,2025-12-22,2026-02-02,7,27.65118122519634,13.4371940495497,41.487854771028125,31,4717.929999999999,2266.05,5132.23
SKU0169,Furnishings,Rugs,2025-12-22,2026-02-09,8,29.926880316389383,16.324689111666284,43.86683038609009,41,4717.929999999999,2266.05,5132.23
SKU0170,Decor,Wall Art,2025-12-22,2025-12-22,1,74.92289747651425,60.048373583315495,86.31271103427977,83,4195.13,1972.45,4813.1
SKU0170,Decor,Wall Art,2025-12-22,2025-12-29,2,53.62351297754698,39.5105382939432,64.9320865437534,111,4195.13,1972.45,4813.1
SKU0170,Decor,Wall Art,2025-12-22,2026-01-05,3,47.2492292275873,33.23605478928104,59.248780230912594,41,4195.13,1972.45,4813.1
SKU0170,Decor,Wall Art,2025-12-22,2026-01-12,4,44.90169202693145,30.657908045920195,56.28232222600049,49,4195.13,1972.45,4813.1
SKU0170,Decor,Wall Art,2025-12-22,2026-01-19,5,42.15835293916851,27.7103569903672,54.271680262608896,50,4195.13,1972.45,4813.1
SKU0170,Decor,Wall Art,2025-12-22,2026-01-26,6,39.471817042239614,25.35762089973056,53.01689454457116,31,4195.13,1972.45,4813.1
SKU0170,Decor,Wall Art,2025-12-22,2026-02-02,7,41.62526106268194,27.411273887035303,55.46193460851373,47,4195.13,1972.45,4813.1
SKU0170,Decor,Wall Art,2025-12-22,2026-02-09,8,45.17567920574495,31.57348800102185,59.115629275445656,53,4195.13,1972.45,4813.1
SKU0171,Small Appliances,Lamps,2025-12-22,2025-12-22,1,32.482975803853165,17.60845191065441,43.87278936161869,33,2121.0442857142857,1145.01,2362.99
SKU0171,Small Appliances,Lamps,2025-12-22,2025-12-29,2,25.736484213966595,11.62350953036281,37.04505778017302,31,2121.0442857142857,1145.01,2362.99
SKU0171,Small Appliances,Lamps,2025-12-22,2026-01-05,3,22.287765365273753,8.274590926967498,34.28731636859905,26,2121.0442857142857,1145.01,2362.99
SKU0171,Small Appliances,Lamps,2025-12-22,2026-01-12,4,18.502619075971147,4.258835094959892,29.88324927504019,17,2121.0442857142857,1145.01,2362.99
SKU0171,Small Appliances,Lamps,2025-12-22,2026-01-19,5,16.99455417251722,2.546558223715909,29.107881495957606,18,2121.0442857142857,1145.01,2362.99
SKU0171,Small Appliances,Lamps,2025-12-22,2026-01-26,6,15.616673927190783,1.5024777846817283,29.161751429522326,12,2121.0442857142857,1145.01,2362.99
SKU0171,Small Appliances,Lamps,2025-12-22,2026-02-02,7,16.61955890305996,2.405571727413321,30.456232448891747,16,2121.0442857142857,1145.01,2362.99
SKU0171,Small Appliances,Lamps,2025-12-22,2026-02-09,8,17.65837200673116,4.056180802008061,31.59832207643187,21,2121.0442857142857,1145.01,2362.99
SKU0172,Kitchen,Storage,2025-12-22,2025-12-22,1,29.934384426991638,15.059860533792884,41.32419798475716,31,3922.507142857143,2462.68,4299.53
SKU0172,Kitchen,Storage,2025-12-22,2025-12-29,2,26.747275616388396,12.634300932784612,38.05584918259482,38,3922.507142857143,2462.68,4299.53
SKU0172,Kitchen,Storage,2025-12-22,2026-01-05,3,24.769665754873934,10.75649131656768,36.76921675819923,24,3922.507142857143,2462.68,4299.53
SKU0172,Kitchen,Storage,2025-12-22,2026-01-12,4,26.432578160325107,12.188794179313852,37.81320835939415,32,3922.507142857143,2462.68,4299.53
SKU0172,Kitchen,Storage,2025-12-22,2026-01-19,5,27.982611862040503,13.534615913239193,40.095939185480894,36,3922.507142857143,2462.68,4299.53
SKU0172,Kitchen,Storage,2025-12-22,2026-01-26,6,27.735008341351815,13.62081219884276,41.28008584368335,32,3922.507142857143,2462.68,4299.53
SKU0172,Kitchen,Storage,2025-12-22,2026-02-02,7,23.09826601736034,8.884278841713702,36.93493956319213,22,3922.507142857143,2462.68,4299.53
SKU0172,Kitchen,Storage,2025-12-22,2026-02-09,8,21.603771066247997,8.001579861524899,35.54372113594871,15,3922.507142857143,2462.68,4299.53
SKU0173,Furnishings,Rugs,2025-12-22,2025-12-22,1,83.19125589649165,68.3167320032929,94.58106945425718,95,3101.194285714286,1894.96,3440.85
SKU0173,Furnishings,Rugs,2025-12-22,2025-12-29,2,53.17649565771243,39.06352097410864,64.48506922391886,152,3101.194285714286,1894.96,3440.85
SKU0173,Furnishings,Rugs,2025-12-22,2026-01-05,3,55.14204032875413,41.12886589044787,67.14159133207943,92,3101.194285714286,1894.96,3440.85
SKU0173,Furnishings,Rugs,2025-12-22,2026-01-12,4,54.76315481830534,40.51937083729408,66.14378501737438,68,3101.194285714286,1894.96,3440.85
SKU0173,Furnishings,Rugs,2025-12-22,2026-01-19,5,55.87725708315703,41.42926113435573,67.99058440659742,73,3101.194285714286,1894.96,3440.85
SKU0173,Furnishings,Rugs,2025-12-22,2026-01-26,6,56.9339524557923,42.81975631328325,70.47902995812385,72,3101.194285714286,1894.96,3440.85
SKU0173,Furnishings,Rugs,2025-12-22,2026-02-02,7,58.43192318455205,44.21793600890541,72.26859673038383,84,3101.194285714286,1894.96,3440.85
SKU0173,Furnishings,Rugs,2025-12-22,2026-02-09,8,58.8308464176159,45.228655212892804,72.77079648731662,89,3101.194285714286,1894.96,3440.85
SKU0174,Decor,Candles,2025-12-22,2025-12-22,1,412.09745195905197,397.22292806585324,423.4872655168175,394,3604.078571428571,1961.17,3898.1
SKU0174,Decor,Candles,2025-12-22,2025-12-29,2,513.4898413580403,499.3768666744365,524.7984149242467,518,3604.078571428571,1961.17,3898.1
SKU0174,Decor,Candles,2025-12-22,2026-01-05,3,339.2271200735306,325.2139456352244,351.2266710768559,348,3604.078571428571,1961.17,3898.1
SKU0174,Decor,Candles,2025-12-22,2026-01-12,4,278.79149237606725,264.547708395056,290.1721225751363,281,3604.078571428571,1961.17,3898.1
SKU0174,Decor,Candles,2025-12-22,2026-01-19,5,274.88298332723366,260.43498737843237,286.99631065067405,299,3604.078571428571,1961.17,3898.1
SKU0174,Decor,Candles,2025-12-22,2026-01-26,6,273.4033441304867,259.2891479879776,286.9484216328182,283,3604.078571428571,1961.17,3898.1
SKU0174,Decor,Candles,2025-12-22,2026-02-02,7,273.4418990912405,259.22791191559384,287.2785726370723,285,3604.078571428571,1961.17,3898.1
SKU0174,Decor,Candles,2025-12-22,2026-02-09,8,273.07019888711386,259.46800768239075,287.0101489568146,264,3604.078571428571,1961.17,3898.1
SKU0175,Small Appliances,Kettles,2025-12-22,2025-12-22,1,93.17536204669193,78.30083815349317,104.56517560445747,107,2952.105714285714,1179.45,3101.69
SKU0175,Small Appliances,Kettles,2025-12-22,2025-12-29,2,50.66322475553381,36.55025007193002,61.97179832174024,142,2952.105714285714,1179.45,3101.69
SKU0175,Small Appliances,Kettles,2025-12-22,2026-01-05,3,50.29142616242844,36.278251724122185,62.29097716575374,75,2952.105714285714,1179.45,3101.69
SKU0175,Small Appliances,Kettles,2025-12-22,2026-01-12,4,44.95361424254954,30.709830261538286,56.33424444161858,55,2952.105714285714,1179.45,3101.69
SKU0175,Small Appliances,Kettles,2025-12-22,2026-01-19,5,44.77298489446346,30.324988945662152,56.88631221790385,58,2952.105714285714,1179.45,3101.69
SKU0175,Small Appliances,Kettles,2025-12-22,2026-01-26,6,49.81096196580377,35.69676582329471,63.35603946813531,70,2952.105714285714,1179.45,3101.69
SKU0175,Small Appliances,Kettles,2025-12-22,2026-02-02,7,50.53092285253335,36.316935676886715,64.36759639836514,73,2952.105714285714,1179.45,3101.69
SKU0175,Small Appliances,Kettles,2025-12-22,2026-02-09,8,47.02317406096257,33.42098285623947,60.963124130663275,65,2952.105714285714,1179.45,3101.69
SKU0176,Kitchen,Cookware,2025-12-22,2025-12-22,1,76.75336371329402,61.878839820095266,88.14317727105956,89,550.5914285714285,285.26,589.51
SKU0176,Kitchen,Cookware,2025-12-22,2025-12-29,2,50.48149367560756,36.36851899200377,61.790067241813986,160,550.5914285714285,285.26,589.51
SKU0176,Kitchen,Cookware,2025-12-22,2026-01-05,3,49.60478414247673,35.59160970417048,61.604335145802025,79,550.5914285714285,285.26,589.51
SKU0176,Kitchen,Cookware,2025-12-22,2026-01-12,4,44.54104395379263,30.297259972781376,55.92167415286167,62,550.5914285714285,285.26,589.51
SKU0176,Kitchen,Cookware,2025-12-22,2026-01-19,5,39.86738591177703,25.419389962975718,51.980713235217415,48,550.5914285714285,285.26,589.51
SKU0176,Kitchen,Cookware,2025-12-22,2026-01-26,6,37.652357716754516,23.53816157424546,51.19743521908606,44,550.5914285714285,285.26,589.51
SKU0176,Kitchen,Cookware,2025-12-22,2026-02-02,7,36.57333356132595,22.359346385679313,50.41000710715774,43,550.5914285714285,285.26,589.51
SKU0176,Kitchen,Cookware,2025-12-22,2026-02-09,8,36.57333356132595,22.971142356602854,50.51328363102667,41,550.5914285714285,285.26,589.51
SKU0177,Furnishings,Rugs,2025-12-22,2025-12-22,1,26.686701738620187,11.812177845421433,38.076515296385715,29,4926.487142857143,2317.78,5532.77
SKU0177,Furnishings,Rugs,2025-12-22,2025-12-29,2,20.246645947892713,6.133671264288928,31.555219514099136,29,4926.487142857143,2317.78,5532.77
SKU0177,Furnishings,Rugs,2025-12-22,2026-01-05,3,15.986667669928552,1.9734932316222977,27.986218673253845,13,4926.487142857143,2317.78,5532.77
SKU0177,Furnishings,Rugs,2025-12-22,2026-01-12,4,16.38411322798182,2.140329246970566,27.764743427050863,17,4926.487142857143,2317.78,5532.77
SKU0177,Furnishings,Rugs,2025-12-22,2026-01-19,5,15.847003869485635,1.3990079206843244,27.960331192926024,21,4926.487142857143,2317.78,5532.77
SKU0177,Furnishings,Rugs,2025-12-22,2026-01-26,6,16.19649660224534,2.0823004597362846,29.74157410457688,11,4926.487142857143,2317.78,5532.77
SKU0177,Furnishings,Rugs,2025-12-22,2026-02-02,7,15.328892075988099,1.1149049003414593,29.165565621819887,19,4926.487142857143,2317.78,5532.77
SKU0177,Furnishings,Rugs,2025-12-22,2026-02-09,8,15.21743231236947,1.615241107646371,29.157382382070182,12,4926.487142857143,2317.78,5532.77
SKU0178,Decor,Vases,2025-12-22,2025-12-22,1,18.358156576526234,3.48363268332748,29.747970134291762,28,277.1871428571429,197.85,302.94
SKU0178,Decor,Vases,2025-12-22,2025-12-29,2,13.194824325951535,0.0,24.503397892157956,31,277.1871428571429,197.85,302.94
SKU0178,Decor,Vases,2025-12-22,2026-01-05,3,11.146088425082192,0.0,23.145639428407485,16,277.1871428571429,197.85,302.94
SKU0178,Decor,Vases,2025-12-22,2026-01-12,4,9.025052821748474,0.0,20.405683020817516,8,277.1871428571429,197.85,302.94
SKU0178,Decor,Vases,2025-12-22,2026-01-19,5,9.02713478838261,0.0,21.140462111823,12,277.1871428571429,197.85,302.94
SKU0178,Decor,Vases,2025-12-22,2026-01-26,6,8.889797796582394,0.0,22.434875298913937,8,277.1871428571429,197.85,302.94
SKU0178,Decor,Vases,2025-12-22,2026-02-02,7,8.867427855035341,0.0,22.70410140086713,16,277.1871428571429,197.85,302.94
SKU0178,Decor,Vases,2025-12-22,2026-02-09,8,7.530555569004946,0.0,21.470505638705657,2,277.1871428571429,197.85,302.94
SKU0179,Small Appliances,Lamps,2025-12-22,2025-12-22,1,62.10021618905943,47.225692295860675,73.49002974682496,90,4316.814285714286,1952.4,4761.02
SKU0179,Small Appliances,Lamps,2025-12-22,2025-12-29,2,31.875352114032374,17.76237743042859,43.1839256802388,126,4316.814285714286,1952.4,4761.02
SKU0179,Small Appliances,Lamps,2025-12-22,2026-01-05,3,31.55658443482047,17.543409996514214,43.55613543814576,67,4316.814285714286,1952.4,4761.02
SKU0179,Small Appliances,Lamps,2025-12-22,2026-01-12,4,32.63772784547813,18.393943864466877,44.01835804454717,53,4316.814285714286,1952.4,4761.02
SKU0179,Small Appliances,Lamps,2025-12-22,2026-01-19,5,31.481141410454,17.03314546165269,43.59446873389439,42,4316.814285714286,1952.4,4761.02
SKU0179,Small Appliances,Lamps,2025-12-22,2026-01-26,6,32.78035606961608,18.666159927107028,46.32543357194763,44,4316.814285714286,1952.4,4761.02
SKU0179,Small Appliances,Lamps,2025-12-22,2026-02-02,7,34.82810875802926,20.61412158238262,48.664782303861045,49,4316.814285714286,1952.4,4761.02
SKU0179,Small Appliances,Lamps,2025-12-22,2026-02-09,8,34.100711512763986,20.498520308040888,48.04066158246469,47,4316.814285714286,1952.4,4761.02
SKU0180,Kitchen,Tableware,2025-12-22,2025-12-22,1,12.925666685876214,0.0,24.315480243641744,16,2647.9157142857143,2018.11,2943.93
SKU0180,Kitchen,Tableware,2025-12-22,2025-12-29,2,10.018370356496842,0.0,21.326943922703265,17,2647.9157142857143,2018.11,2943.93
SKU0180,Kitchen,Tableware,2025-12-22,2026-01-05,3,8.581589935657993,0.0,20.58114093898329,10,2647.9157142857143,2018.11,2943.93
SKU0180,Kitchen,Tableware,2025-12-22,2026-01-12,4,8.255922011105579,0.0,19.63655221017462,4,2647.9157142857143,2018.11,2943.93
SKU0180,Kitchen,Tableware,2025-12-22,2026-01-19,5,9.216478471657512,0.0,21.3298057950979,11,2647.9157142857143,2018.11,2943.93
SKU0180,Kitchen,Tableware,2025-12-22,2026-01-26,6,10.102812122517188,0.0,23.64788962484873,12,2647.9157142857143,2018.11,2943.93
SKU0180,Kitchen,Tableware,2025-12-22,2026-02-02,7,10.629407361677282,0.0,24.46608090750907,16,2647.9157142857143,2018.11,2943.93
SKU0180,Kitchen,Tableware,2025-12-22,2026-02-09,8,10.920572216968257,0.0,24.860522286668967,14,2647.9157142857143,2018.11,2943.93
SKU0181,Furnishings,Cushions,2025-12-22,2025-12-22,1,14.429336281761584,0.0,25.819149839527114,15,2720.975714285714,2156.66,3030.97
SKU0181,Furnishings,Cushions,2025-12-22,2025-12-29,2,9.505561716989064,0.0,20.814135283195487,13,2720.975714285714,2156.66,3030.97
SKU0181,Furnishings,Cushions,2025-12-22,2026-01-05,3,8.933416295972107,0.0,20.932967299297403,5,2720.975714285714,2156.66,3030.97
SKU0181,Furnishings,Cushions,2025-12-22,2026-01-12,4,8.981364406641047,0.0,20.361994605710088,12,2720.975714285714,2156.66,3030.97
SKU0181,Furnishings,Cushions,2025-12-22,2026-01-19,5,8.907149684603361,0.0,21.02047700804375,9,2720.975714285714,2156.66,3030.97
SKU0181,Furnishings,Cushions,2025-12-22,2026-01-26,6,8.362432228051274,0.0,21.907509730382813,7,2720.975714285714,2156.66,3030.97
SKU0181,Furnishings,Cushions,2025-12-22,2026-02-02,7,8.700120635484689,0.0,22.536794181316477,10,2720.975714285714,2156.66,3030.97
SKU0181,Furnishings,Cushions,2025-12-22,2026-02-09,8,8.455089213397084,0.0,22.395039283097795,8,2720.975714285714,2156.66,3030.97
SKU0182,Decor,Vases,2025-12-22,2025-12-22,1,115.95884776582463,101.08432387262587,127.34866132359016,136,2168.617142857143,1719.04,2467.73
SKU0182,Decor,Vases,2025-12-22,2025-12-29,2,69.0301334212252,54.91715873762142,80.33870698743162,151,2168.617142857143,1719.04,2467.73
SKU0182,Decor,Vases,2025-12-22,2026-01-05,3,64.02933550351347,50.016161065207214,76.02888650683876,67,2168.617142857143,1719.04,2467.73
SKU0182,Decor,Vases,2025-12-22,2026-01-12,4,60.630480089055204,46.38669610804395,72.01111028812424,68,2168.617142857143,1719.04,2467.73
SKU0182,Decor,Vases,2025-12-22,2026-01-19,5,62.77163094761835,48.32363499881704,74.88495827105874,78,2168.617142857143,1719.04,2467.73
SKU0182,Decor,Vases,2025-12-22,2026-01-26,6,63.225171884306256,49.110975741797205,76.7702493866378,79,2168.617142857143,1719.04,2467.73
SKU0182,Decor,Vases,2025-12-22,2026-02-02,7,61.699201008499216,47.48521383285258,75.535874554331,67,2168.617142857143,1719.04,2467.73
SKU0182,Decor,Vases,2025-12-22,2026-02-09,8,61.47825091074969,47.876059706026595,75.41820098045041,74,2168.617142857143,1719.04,2467.73
SKU0183,Small Appliances,Lamps,2025-12-22,2025-12-22,1,30.709824130707016,15.835300237508262,42.09963768847254,28,2701.4814285714283,1179.45,2873.75
SKU0183,Small Appliances,Lamps,2025-12-22,2025-12-29,2,30.420166158165927,16.307191474562142,41.728739724372346,46,2701.4814285714283,1179.45,2873.75
SKU0183,Small Appliances,Lamps,2025-12-22,2026-01-05,3,27.997160723813487,13.983986285507232,39.99671172713878,31,2701.4814285714283,1179.45,2873.75
SKU0183,Small Appliances,Lamps,2025-12-22,2026-01-12,4,19.696429253925206,5.452645272913951,31.07705945299425,18,2701.4814285714283,1179.45,2873.75
SKU0183,Small Appliances,Lamps,2025-12-22,2026-01-19,5,18.538595963116975,4.090600014315665,30.651923286557363,14,2701.4814285714283,1179.45,2873.75
SKU0183,Small Appliances,Lamps,2025-12-22,2026-01-26,6,18.439303913400504,4.325107770891449,31.984381415732045,21,2701.4814285714283,1179.45,2873.75
SKU0183,Small Appliances,Lamps,2025-12-22,2026-02-02,7,18.778546435086444,4.564559259439804,32.61521998091823,14,2701.4814285714283,1179.45,2873.75
SKU0183,Small Appliances,Lamps,2025-12-22,2026-02-09,8,19.467407926276397,5.865216721553299,33.40735799597711,18,2701.4814285714283,1179.45,2873.75
SKU0184,Kitchen,Tableware,2025-12-22,2025-12-22,1,29.08942440650255,14.214900513303794,40.47923796426808,30,2117.632857142857,922.24,2235.52
SKU0184,Kitchen,Tableware,2025-12-22,2025-12-29,2,26.95414208388359,12.841167400279804,38.262715650090016,40,2117.632857142857,922.24,2235.52
SKU0184,Kitchen,Tableware,2025-12-22,2026-01-05,3,20.648049841083534,6.634875402777279,32.64760084440883,21,2117.632857142857,922.24,2235.52
SKU0184,Kitchen,Tableware,2025-12-22,2026-01-12,4,16.9919354352589,2.748151454247644,28.37256563432794,15,2117.632857142857,922.24,2235.52
SKU0184,Kitchen,Tableware,2025-12-22,2026-01-19,5,16.27478672876756,1.8267907799662488,28.388114052207946,14,2117.632857142857,922.24,2235.52
SKU0184,Kitchen,Tableware,2025-12-22,2026-01-26,6,16.094544733758475,1.9803485912494203,29.639622236090016,16,2117.632857142857,922.24,2235.52
SKU0184,Kitchen,Tableware,2025-12-22,2026-02-02,7,15.552313518598309,1.3383263429516692,29.388987064430097,14,2117.632857142857,922.24,2235.52
SKU0184,Kitchen,Tableware,2025-12-22,2026-02-09,8,13.5377759465383,0.0,27.47772601623901,10,2117.632857142857,922.24,2235.52
SKU0185,Furnishings,Rugs,2025-12-22,2025-12-22,1,20.4733560986295,5.598832205430744,31.863169656395026,24,1578.857142857143,1040.59,1800.0
SKU0185,Furnishings,Rugs,2025-12-22,2025-12-29,2,17.93024892711417,3.8172742435103864,29.238822493320594,34,1578.857142857143,1040.59,1800.0
SKU0185,Furnishings,Rugs,2025-12-22,2026-01-05,3,15.245957881525507,1.2327834432192528,27.2455088848508,25,1578.857142857143,1040.59,1800.0
SKU0185,Furnishings,Rugs,2025-12-22,2026-01-12,4,12.448184801194062,0.0,23.828815000263106,12,1578.857142857143,1040.59,1800.0
SKU0185,Furnishings,Rugs,2025-12-22,2026-01-19,5,10.987608174045736,0.0,23.100935497486127,11,1578.857142857143,1040.59,1800.0
SKU0185,Furnishings,Rugs,2025-12-22,2026-01-26,6,10.755372165361146,0.0,24.30044966769269,12,1578.857142857143,1040.59,1800.0
SKU0185,Furnishings,Rugs,2025-12-22,2026-02-02,7,11.763172930279694,0.0,25.59984647611148,11,1578.857142857143,1040.59,1800.0
SKU0185,Furnishings,Rugs,2025-12-22,2026-02-09,8,12.0514966915596,0.0,25.99144676126031,18,1578.857142857143,1040.59,1800.0
SKU0186,Decor,Vases,2025-12-22,2025-12-22,1,160.72892312753132,145.85439923433256,172.11873668529685,159,743.6514285714285,533.98,801.92
SKU0186,Decor,Vases,2025-12-22,2025-12-29,2,146.55987675929987,132.44690207569607,157.8684503255063,218,743.6514285714285,533.98,801.92
SKU0186,Decor,Vases,2025-12-22,2026-01-05,3,121.94670524106505,107.9335308027588,133.94625624439033,121,743.6514285714285,533.98,801.92
SKU0186,Decor,Vases,2025-12-22,2026-01-12,4,114.88101014344102,100.63722616242976,126.26164034251006,103,743.6514285714285,533.98,801.92
SKU0186,Decor,Vases,2025-12-22,2026-01-19,5,106.35182432924496,91.90382838044366,118.46515165268535,89,743.6514285714285,533.98,801.92
SKU0186,Decor,Vases,2025-12-22,2026-01-26,6,111.75337336221806,97.639177219709,125.2984508645496,106,743.6514285714285,533.98,801.92
SKU0186,Decor,Vases,2025-12-22,2026-02-02,7,113.18721349015765,98.97322631451101,127.02388703598943,102,743.6514285714285,533.98,801.92
SKU0186,Decor,Vases,2025-12-22,2026-02-09,8,106.49414920670559,92.89195800198249,120.4340992764063,101,743.6514285714285,533.98,801.92
SKU0187,Small Appliances,Blenders,2025-12-22,2025-12-22,1,35.99246063731842,21.117936744119667,47.38227419508395,46,4624.495714285714,2033.98,5285.28
SKU0187,Small Appliances,Blenders,2025-12-22,2025-12-29,2,31.162884630249955,17.04990994664617,42.47145819645638,61,4624.495714285714,2033.98,5285.28
SKU0187,Small Appliances,Blenders,2025-12-22,2026-01-05,3,29.12759494602123,15.114420507714975,41.12714594934653,38,4624.495714285714,2033.98,5285.28
SKU0187,Small Appliances,Blenders,2025-12-22,2026-01-12,4,19.870417987749143,5.626634006737888,31.251048186818185,20,4624.495714285714,2033.98,5285.28
SKU0187,Small Appliances,Blenders,2025-12-22,2026-01-19,5,17.15467418733138,2.7066782385300705,29.268001510771768,15,4624.495714285714,2033.98,5285.28
SKU0187,Small Appliances,Blenders,2025-12-22,2026-01-26,6,15.825456274766577,1.7112601322575216,29.370533777098117,13,4624.495714285714,2033.98,5285.28
SKU0187,Small Appliances,Blenders,2025-12-22,2026-02-02,7,16.764231338168475,2.5502441625218353,30.600904884000265,19,4624.495714285714,2033.98,5285.28
SKU0187,Small Appliances,Blenders,2025-12-22,2026-02-09,8,16.312044214399116,2.709853009676017,30.251994284099826,16,4624.495714285714,2033.98,5285.28
SKU0188,Kitchen,Tableware,2025-12-22,2025-12-22,1,33.870941570841545,18.99641767764279,45.26075512860707,39,1583.5,1067.22,1669.33
SKU0188,Kitchen,Tableware,2025-12-22,2025-12-29,2,25.04453852121988,10.931563837616096,36.353112087426304,42,1583.5,1067.22,1669.33
SKU0188,Kitchen,Tableware,2025-12-22,2026-01-05,3,22.47056975626646,8.457395317960206,34.47012075959175,28,1583.5,1067.22,1669.33
SKU0188,Kitchen,Tableware,2025-12-22,2026-01-12,4,20.457477837017002,6.213693856005747,31.838108036086044,26,1583.5,1067.22,1669.33
SKU0188,Kitchen,Tableware,2025-12-22,2026-01-19,5,18.817306237786052,4.369310288984742,30.930633561226443,20,1583.5,1067.22,1669.33
SKU0188,Kitchen,Tableware,2025-12-22,2026-01-26,6,18.98444129938293,4.8702451568738745,32.529518801714474,21,1583.5,1067.22,1669.33
SKU0188,Kitchen,Tableware,2025-12-22,2026-02-02,7,21.29442303421999,7.080435858573349,35.131096580051775,23,1583.5,1067.22,1669.33
SKU0188,Kitchen,Tableware,2025-12-22,2026-02-09,8,21.759575532065973,8.157384327342875,35.69952560176668,24,1583.5,1067.22,1669.33
SKU0189,Furnishings,Cushions,2025-12-22,2025-12-22,1,12.206806634830762,0.0,23.59662019259629,15,3446.4171428571426,1776.13,3755.19
SKU0189,Furnishings,Cushions,2025-12-22,2025-12-29,2,10.21314022489299,0.0,21.521713791099415,29,3446.4171428571426,1776.13,3755.19
SKU0189,Furnishings,Cushions,2025-12-22,2026-01-05,3,9.150159703335145,0.0,21.14971070666044,15,3446.4171428571426,1776.13,3755.19
SKU0189,Furnishings,Cushions,2025-12-22,2026-01-12,4,8.550978338823017,0.0,19.93160853789206,12,3446.4171428571426,1776.13,3755.19
SKU0189,Furnishings,Cushions,2025-12-22,2026-01-19,5,8.45612772278608,0.0,20.56945504622647,11,3446.4171428571426,1776.13,3755.19
SKU0189,Furnishings,Cushions,2025-12-22,2026-01-26,6,7.501511443083084,0.0,21.046588945414626,7,3446.4171428571426,1776.13,3755.19
SKU0189,Furnishings,Cushions,2025-12-22,2026-02-02,7,8.487257535876786,0.0,22.323931081708572,14,3446.4171428571426,1776.13,3755.19
SKU0189,Furnishings,Cushions,2025-12-22,2026-02-09,8,7.645849395034174,0.0,21.585799464734883,7,3446.4171428571426,1776.13,3755.19
SKU0190,Decor,Wall Art,2025-12-22,2025-12-22,1,13.13702050158963,0.0,24.52683405935516,10,4285.63,2295.02,4581.55
SKU0190,Decor,Wall Art,2025-12-22,2025-12-29,2,10.412369296816374,0.0,21.7209428630228,15,4285.63,2295.02,4581.55
SKU0190,Decor,Wall Art,2025-12-22,2026-01-05,3,9.709199819549102,0.0,21.708750822874396,6,4285.63,2295.02,4581.55
SKU0190,Decor,Wall Art,2025-12-22,2026-01-12,4,8.309181516605046,0.0,19.68981171567409,5,4285.63,2295.02,4581.55
SKU0190,Decor,Wall Art,2025-12-22,2026-01-19,5,9.459273045947006,0.0,21.572600369387395,8,4285.63,2295.02,4581.55
SKU0190,Decor,Wall Art,2025-12-22,2026-01-26,6,10.129839097490413,0.0,23.674916599821955,11,4285.63,2295.02,4581.55
SKU0190,Decor,Wall Art,2025-12-22,2026-02-02,7,10.155399693897062,0.0,23.99207323972885,9,4285.63,2295.02,4581.55
SKU0190,Decor,Wall Art,2025-12-22,2026-02-09,8,11.00477987371125,0.0,24.94472994341196,12,4285.63,2295.02,4581.55
SKU0191,Small Appliances,Kettles,2025-12-22,2025-12-22,1,229.19822230736648,214.32369841416772,240.588035865132,240,379.1871428571429,242.54,398.34
SKU0191,Small Appliances,Kettles,2025-12-22,2025-12-29,2,205.91926944123907,191.80629475763527,217.2278430074455,301,379.1871428571429,242.54,398.34
SKU0191,Small Appliances,Kettles,2025-12-22,2026-01-05,3,171.05173456324502,157.03856012493875,183.0512855665703,197,379.1871428571429,242.54,398.34
SKU0191,Small Appliances,Kettles,2025-12-22,2026-01-12,4,137.6572308041313,123.41344682312004,149.03786100320033,111,379.1871428571429,242.54,398.34
SKU0191,Small Appliances,Kettles,2025-12-22,2026-01-19,5,116.48531914950954,102.03732320070823,128.59864647294992,90,379.1871428571429,242.54,398.34
SKU0191,Small Appliances,Kettles,2025-12-22,2026-01-26,6,114.77306891580032,100.65887277329126,128.31814641813187,99,379.1871428571429,242.54,398.34
SKU0191,Small Appliances,Kettles,2025-12-22,2026-02-02,7,123.13409758455325,108.92011040890661,136.97077113038503,111,379.1871428571429,242.54,398.34
SKU0191,Small Appliances,Kettles,2025-12-22,2026-02-09,8,124.87739780290278,111.27520659817968,138.81734787260348,117,379.1871428571429,242.54,398.34
SKU0192,Kitchen,Cookware,2025-12-22,2025-12-22,1,98.10374138435078,83.22921749115203,109.4935549421163,101,2584.932857142857,1615.59,2927.37
SKU0192,Kitchen,Cookware,2025-12-22,2025-12-29,2,86.67916953164811,72.56619484804433,97.98774309785453,118,2584.932857142857,1615.59,2927.37
SKU0192,Kitchen,Cookware,2025-12-22,2026-01-05,3,79.57942319863692,65.56624876033067,91.57897420196221,76,2584.932857142857,1615.59,2927.37
SKU0192,Kitchen,Cookware,2025-12-22,2026-01-12,4,76.34804126946551,62.10425728845426,87.72867146853456,64,2584.932857142857,1615.59,2927.37
SKU0192,Kitchen,Cookware,2025-12-22,2026-01-19,5,72.67494564271227,58.22694969391097,84.78827296615266,74,2584.932857142857,1615.59,2927.37
SKU0192,Kitchen,Cookware,2025-12-22,2026-01-26,6,70.02180998678703,55.907613844277975,83.56688748911857,57,2584.932857142857,1615.59,2927.37
SKU0192,Kitchen,Cookware,2025-12-22,2026-02-02,7,70.19691131549338,55.982924139846745,84.03358486132517,58,2584.932857142857,1615.59,2927.37
SKU0192,Kitchen,Cookware,2025-12-22,2026-02-09,8,73.76466145841907,60.16247025369597,87.70461152811978,68,2584.932857142857,1615.59,2927.37
SKU0193,Furnishings,Throws,2025-12-22,2025-12-22,1,18.21809537514462,3.343571481945867,29.60790893291015,17,4977.777142857143,2401.29,5528.62
SKU0193,Furnishings,Throws,2025-12-22,2025-12-29,2,18.821200468862674,4.70822578525889,30.129774035069097,33,4977.777142857143,2401.29,5528.62
SKU0193,Furnishings,Throws,2025-12-22,2026-01-05,3,18.137578262256756,4.124403823950502,30.13712926558205,25,4977.777142857143,2401.29,5528.62
SKU0193,Furnishings,Throws,2025-12-22,2026-01-12,4,15.914424822872485,1.6706408418612302,27.29505502194153,19,4977.777142857143,2401.29,5528.62
SKU0193,Furnishings,Throws,2025-12-22,2026-01-19,5,15.424297304763138,0.9763013559618283,27.537624628203528,18,4977.777142857143,2401.29,5528.62
SKU0193,Furnishings,Throws,2025-12-22,2026-01-26,6,15.657165996501108,1.5429698539920533,29.20224349883265,17,4977.777142857143,2401.29,5528.62
SKU0193,Furnishings,Throws,2025-12-22,2026-02-02,7,19.299978702664085,5.085991527017445,33.13665224849587,27,4977.777142857143,2401.29,5528.62
SKU0193,Furnishings,Throws,2025-12-22,2026-02-09,8,18.065156230196685,4.462965025473586,32.00510629989739,25,4977.777142857143,2401.29,5528.62
SKU0194,Decor,Wall Art,2025-12-22,2025-12-22,1,163.67840502816327,148.8038811349645,175.0682185859288,144,3371.3728571428574,2250.73,3785.99
SKU0194,Decor,Wall Art,2025-12-22,2025-12-29,2,136.6061556133462,122.49318092974242,147.91472917955264,161,3371.3728571428574,2250.73,3785.99
SKU0194,Decor,Wall Art,2025-12-22,2026-01-05,3,104.95531427345531,90.94213983514906,116.95486527678061,100,3371.3728571428574,2250.73,3785.99
SKU0194,Decor,Wall Art,2025-12-22,2026-01-12,4,92.71230202056209,78.46851803955084,104.09293221963114,69,3371.3728571428574,2250.73,3785.99
SKU0194,Decor,Wall Art,2025-12-22,2026-01-19,5,90.12325943504658,75.67526348624527,102.23658675848696,76,3371.3728571428574,2250.73,3785.99
SKU0194,Decor,Wall Art,2025-12-22,2026-01-26,6,84.94128365293342,70.82708751042436,98.48636115526496,51,3371.3728571428574,2250.73,3785.99
SKU0194,Decor,Wall Art,2025-12-22,2026-02-02,7,83.06518628432103,68.8511991086744,96.90185983015282,56,3371.3728571428574,2250.73,3785.99
SKU0194,Decor,Wall Art,2025-12-22,2026-02-09,8,82.58257294934013,68.98038174461703,96.52252301904085,62,3371.3728571428574,2250.73,3785.99
SKU0195,Small Appliances,Kettles,2025-12-22,2025-12-22,1,145.3973265860789,130.52280269288013,156.78714014384443,132,4120.602857142857,2279.94,4640.7
SKU0195,Small Appliances,Kettles,2025-12-22,2025-12-29,2,110.6203525394968,96.50737785589303,121.92892610570323,238,4120.602857142857,2279.94,4640.7
SKU0195,Small Appliances,Kettles,2025-12-22,2026-01-05,3,111.04974591541901,97.03657147711276,123.0492969187443,114,4120.602857142857,2279.94,4640.7
SKU0195,Small Appliances,Kettles,2025-12-22,2026-01-12,4,86.77337045032698,72.52958646931572,98.15400064939602,88,4120.602857142857,2279.94,4640.7
SKU0195,Small Appliances,Kettles,2025-12-22,2026-01-19,5,79.09396735848415,64.64597140968284,91.20729468192454,72,4120.602857142857,2279.94,4640.7
SKU0195,Small Appliances,Kettles,2025-12-22,2026-01-26,6,75.84134611357236,61.7271499710633,89.3864236159039,68,4120.602857142857,2279.94,4640.7
SKU0195,Small Appliances,Kettles,2025-12-22,2026-02-02,7,73.82543594360111,59.61144876795447,87.6621094894329,57,4120.602857142857,2279.94,4640.7
SKU0195,Small Appliances,Kettles,2025-12-22,2026-02-09,8,73.58520548247023,59.98301427774713,87.52515555217094,65,4120.602857142857,2279.94,4640.7
SKU0196,Kitchen,Cookware,2025-12-22,2025-12-22,1,9.639951380983725,0.0,21.029764938749253,17,2593.182857142857,1661.32,2922.69
SKU0196,Kitchen,Cookware,2025-12-22,2025-12-29,2,6.798005550647308,0.0,18.10657911685373,16,2593.182857142857,1661.32,2922.69
SKU0196,Kitchen,Cookware,2025-12-22,2026-01-05,3,6.079414166146909,0.0,18.078965169472205,11,2593.182857142857,1661.32,2922.69
SKU0196,Kitchen,Cookware,2025-12-22,2026-01-12,4,4.595924664959865,0.0,15.976554864028907,2,2593.182857142857,1661.32,2922.69
SKU0196,Kitchen,Cookware,2025-12-22,2026-01-19,5,4.74401374633788,0.0,16.85734106977827,6,2593.182857142857,1661.32,2922.69
SKU0196,Kitchen,Cookware,2025-12-22,2026-01-26,6,5.163846663505067,0.0,18.708924165836606,8,2593.182857142857,1661.32,2922.69
SKU0196,Kitchen,Cookware,2025-12-22,2026-02-02,7,4.654199265319603,0.0,18.49087281115139,6,2593.182857142857,1661.32,2922.69
SKU0196,Kitchen,Cookware,2025-12-22,2026-02-09,8,4.3457596154805245,0.0,18.285709685181235,3,2593.182857142857,1661.32,2922.69
SKU0197,Furnishings,Throws,2025-12-22,2025-12-22,1,1.7815110316914649,0.0,13.171324589456994,1,1207.69,860.43,1365.1
SKU0197,Furnishings,Throws,2025-12-22,2025-12-29,2,1.3458436512067606,0.0,12.654417217413183,1,1207.69,860.43,1365.1
SKU0197,Furnishings,Throws,2025-12-22,2026-01-05,3,1.3562374165250008,0.0,13.355788419850295,1,1207.69,860.43,1365.1
SKU0197,Furnishings,Throws,2025-12-22,2026-01-12,4,1.3831963900242639,0.0,12.763826589093306,1,1207.69,860.43,1365.1
SKU0197,Furnishings,Throws,2025-12-22,2026-01-19,5,1.373684013470722,0.0,13.487011336911111,0,1207.69,860.43,1365.1
SKU0197,Furnishings,Throws,2025-12-22,2026-01-26,6,1.443684557688331,0.0,14.988762060019871,2,1207.69,860.43,1365.1
SKU0197,Furnishings,Throws,2025-12-22,2026-02-02,7,1.3901070912852078,0.0,15.226780637116995,0,1207.69,860.43,1365.1
SKU0197,Furnishings,Throws,2025-12-22,2026-02-09,8,1.8984483781690265,0.0,15.838398447869737,0,1207.69,860.43,1365.1
SKU0198,Decor,Candles,2025-12-22,2025-12-22,1,22.1251835987227,7.250659705523946,33.51499715648823,24,3131.098571428571,1438.8,3381.71
SKU0198,Decor,Candles,2025-12-22,2025-12-29,2,21.768208932959475,7.65523424935569,33.0767824991659,32,3131.098571428571,1438.8,3381.71
SKU0198,Decor,Candles,2025-12-22,2026-01-05,3,20.4682097026295,6.4550352643232465,32.467760705954795,26,3131.098571428571,1438.8,3381.71
SKU0198,Decor,Candles,2025-12-22,2026-01-12,4,18.769349715360686,4.525565734349431,30.14997991442973,27,3131.098571428571,1438.8,3381.71
SKU0198,Decor,Candles,2025-12-22,2026-01-19,5,18.40080660291144,3.952810654110131,30.514133926351832,22,3131.098571428571,1438.8,3381.71
SKU0198,Decor,Candles,2025-12-22,2026-01-26,6,18.439870243740838,4.325674101231783,31.98494774607238,24,3131.098571428571,1438.8,3381.71
SKU0198,Decor,Candles,2025-12-22,2026-02-02,7,16.446601052938103,2.232613877291463,30.283274598769893,15,3131.098571428571,1438.8,3381.71
SKU0198,Decor,Candles,2025-12-22,2026-02-09,8,19.291455311077463,5.689264106354365,33.23140538077817,25,3131.098571428571,1438.8,3381.71
SKU0199,Small Appliances,Kettles,2025-12-22,2025-12-22,1,71.43806062893555,56.56353673573679,82.82787418670108,64,2015.0257142857145,1140.89,2249.27
SKU0199,Small Appliances,Kettles,2025-12-22,2025-12-29,2,55.98758297147375,41.87460828786996,67.29615653768018,77,2015.0257142857145,1140.89,2249.27
SKU0199,Small Appliances,Kettles,2025-12-22,2026-01-05,3,54.851839157325195,40.83866471901894,66.85139016065048,69,2015.0257142857145,1140.89,2249.27
SKU0199,Small Appliances,Kettles,2025-12-22,2026-01-12,4,53.34816986965067,39.10438588863941,64.7288000687197,50,2015.0257142857145,1140.89,2249.27
SKU0199,Small Appliances,Kettles,2025-12-22,2026-01-19,5,54.72549716385046,40.277501215049156,66.83882448729085,63,2015.0257142857145,1140.89,2249.27
SKU0199,Small Appliances,Kettles,2025-12-22,2026-01-26,6,56.3588189170066,42.24462277449754,69.90389641933814,54,2015.0257142857145,1140.89,2249.27
SKU0199,Small Appliances,Kettles,2025-12-22,2026-02-02,7,58.84107806292344,44.62709088727679,72.67775160875523,64,2015.0257142857145,1140.89,2249.27
SKU0199,Small Appliances,Kettles,2025-12-22,2026-02-09,8,58.33480831606102,44.73261711133792,72.27475838576173,56,2015.0257142857145,1140.89,2249.27
SKU0200,Kitchen,Storage,2025-12-22,2025-12-22,1,38.43405116694637,23.559527273747612,49.823864724711896,35,4555.364285714286,2051.43,5093.83
SKU0200,Kitchen,Storage,2025-12-22,2025-12-29,2,33.78879082125818,19.675816137654397,45.09736438746461,46,4555.364285714286,2051.43,5093.83
SKU0200,Kitchen,Storage,2025-12-22,2026-01-05,3,29.687445669369378,15.674271231063123,41.686996672694676,32,4555.364285714286,2051.43,5093.83
SKU0200,Kitchen,Storage,2025-12-22,2026-01-12,4,27.395444043371626,13.15166006236037,38.77607424244067,31,4555.364285714286,2051.43,5093.83
SKU0200,Kitchen,Storage,2025-12-22,2026-01-19,5,25.372169669476623,10.924173720675313,37.485496992917014,20,4555.364285714286,2051.43,5093.83
SKU0200,Kitchen,Storage,2025-12-22,2026-01-26,6,26.00821670207722,11.894020559568165,39.55329420440876,29,4555.364285714286,2051.43,5093.83
SKU0200,Kitchen,Storage,2025-12-22,2026-02-02,7,26.109138195008416,11.895151019361776,39.945811740840206,24,4555.364285714286,2051.43,5093.83
SKU0200,Kitchen,Storage,2025-12-22,2026-02-09,8,25.361507560486288,11.75931635576319,39.301457630187,28,4555.364285714286,2051.43,5093.83
